id_empreendimento,nome,bairro,status,linha,data,entradas_vendas,entradas_financiamento,saidas_obra,saidas_despesas,entradas_total,saidas_total,saldo_mes
EMP001,Alta Vista Brooklin,Brooklin,entregue,Alto Padrão,2018-03-01,2133424.0,0.0,0.0,570700.0,2133424.0,570700.0,1562724.0
EMP001,Alta Vista Brooklin,Brooklin,entregue,Alto Padrão,2018-04-01,2400523.0,0.0,63241.0,570700.0,2400523.0,633941.0,1766583.0
EMP001,Alta Vista Brooklin,Brooklin,entregue,Alto Padrão,2018-05-01,2680716.0,0.0,124766.0,570700.0,2680716.0,695466.0,1985249.0
EMP001,Alta Vista Brooklin,Brooklin,entregue,Alto Padrão,2018-06-01,2971061.0,0.0,194520.0,570700.0,2971061.0,765220.0,2205841.0
EMP001,Alta Vista Brooklin,Brooklin,entregue,Alto Padrão,2018-07-01,3268050.0,0.0,274555.0,570700.0,3268050.0,845255.0,2422794.0
EMP001,Alta Vista Brooklin,Brooklin,entregue,Alto Padrão,2018-08-01,3567646.0,0.0,366093.0,570700.0,3567646.0,936793.0,2630853.0
EMP001,Alta Vista Brooklin,Brooklin,entregue,Alto Padrão,2018-09-01,3865370.0,0.0,469992.0,356687.0,3865370.0,826679.0,3038690.0
EMP001,Alta Vista Brooklin,Brooklin,entregue,Alto Padrão,2018-10-01,4156391.0,0.0,586841.0,356687.0,4156391.0,943529.0,3212862.0
EMP001,Alta Vista Brooklin,Brooklin,entregue,Alto Padrão,2018-11-01,4435656.0,0.0,716980.0,356687.0,4435656.0,1073667.0,3361988.0
EMP001,Alta Vista Brooklin,Brooklin,entregue,Alto Padrão,2018-12-01,4698026.0,0.0,860480.0,356687.0,4698026.0,1217168.0,3480858.0
EMP001,Alta Vista Brooklin,Brooklin,entregue,Alto Padrão,2019-01-01,4938432.0,0.0,1017135.0,356687.0,4938432.0,1373822.0,3564610.0
EMP001,Alta Vista Brooklin,Brooklin,entregue,Alto Padrão,2019-02-01,5152035.0,0.0,1186434.0,356687.0,5152035.0,1543122.0,3608914.0
EMP001,Alta Vista Brooklin,Brooklin,entregue,Alto Padrão,2019-03-01,5334390.0,1848242.0,1367556.0,356687.0,7182632.0,1724244.0,5458388.0
EMP001,Alta Vista Brooklin,Brooklin,entregue,Alto Padrão,2019-04-01,5481592.0,1848242.0,1559355.0,356687.0,7329835.0,1916043.0,5413792.0
EMP001,Alta Vista Brooklin,Brooklin,entregue,Alto Padrão,2019-05-01,5590425.0,1848242.0,1760364.0,356687.0,7438668.0,2117051.0,5321617.0
EMP001,Alta Vista Brooklin,Brooklin,entregue,Alto Padrão,2019-06-01,5658471.0,1848242.0,1968803.0,356687.0,7506713.0,2325490.0,5181223.0
EMP001,Alta Vista Brooklin,Brooklin,entregue,Alto Padrão,2019-07-01,5684201.0,1848242.0,2182599.0,356687.0,7532443.0,2539286.0,4993157.0
EMP001,Alta Vista Brooklin,Brooklin,entregue,Alto Padrão,2019-08-01,5667035.0,1848242.0,2399414.0,356687.0,7515277.0,2756102.0,4759175.0
EMP001,Alta Vista Brooklin,Brooklin,entregue,Alto Padrão,2019-09-01,5607360.0,1848242.0,2616687.0,356687.0,7455602.0,2973375.0,4482227.0
EMP001,Alta Vista Brooklin,Brooklin,entregue,Alto Padrão,2019-10-01,5506518.0,1848242.0,2831679.0,356687.0,7354761.0,3188366.0,4166394.0
EMP001,Alta Vista Brooklin,Brooklin,entregue,Alto Padrão,2019-11-01,5366756.0,1848242.0,3041528.0,356687.0,7214998.0,3398216.0,3816783.0
EMP001,Alta Vista Brooklin,Brooklin,entregue,Alto Padrão,2019-12-01,5191140.0,1848242.0,3243319.0,356687.0,7039382.0,3600006.0,3439376.0
EMP001,Alta Vista Brooklin,Brooklin,entregue,Alto Padrão,2020-01-01,4983446.0,1848242.0,3434141.0,356687.0,6831688.0,3790829.0,3040859.0
EMP001,Alta Vista Brooklin,Brooklin,entregue,Alto Padrão,2020-02-01,4748023.0,1848242.0,3611167.0,356687.0,6596266.0,3967855.0,2628411.0
EMP001,Alta Vista Brooklin,Brooklin,entregue,Alto Padrão,2020-03-01,4489645.0,1848242.0,3771718.0,356687.0,6337888.0,4128405.0,2209482.0
EMP001,Alta Vista Brooklin,Brooklin,entregue,Alto Padrão,2020-04-01,4213348.0,1848242.0,3913331.0,356687.0,6061591.0,4270019.0,1791572.0
EMP001,Alta Vista Brooklin,Brooklin,entregue,Alto Padrão,2020-05-01,3924269.0,1848242.0,4033826.0,356687.0,5772512.0,4390514.0,1381998.0
EMP001,Alta Vista Brooklin,Brooklin,entregue,Alto Padrão,2020-06-01,3627491.0,1848242.0,4131359.0,356687.0,5475733.0,4488046.0,987687.0
EMP001,Alta Vista Brooklin,Brooklin,entregue,Alto Padrão,2020-07-01,3327898.0,1848242.0,4204470.0,356687.0,5176140.0,4561158.0,614982.0
EMP001,Alta Vista Brooklin,Brooklin,entregue,Alto Padrão,2020-08-01,3030050.0,1848242.0,4252122.0,356687.0,4878292.0,4608810.0,269482.0
EMP001,Alta Vista Brooklin,Brooklin,entregue,Alto Padrão,2020-09-01,2738077.0,1848242.0,4273723.0,356687.0,4586319.0,4630410.0,-44091.0
EMP001,Alta Vista Brooklin,Brooklin,entregue,Alto Padrão,2020-10-01,2455600.0,1848242.0,4269138.0,356687.0,4303842.0,4625825.0,-321983.0
EMP001,Alta Vista Brooklin,Brooklin,entregue,Alto Padrão,2020-11-01,2185676.0,1848242.0,4238692.0,356687.0,4033918.0,4595379.0,-561461.0
EMP001,Alta Vista Brooklin,Brooklin,entregue,Alto Padrão,2020-12-01,1930767.0,1848242.0,4183151.0,356687.0,3779010.0,4539839.0,-760829.0
EMP001,Alta Vista Brooklin,Brooklin,entregue,Alto Padrão,2021-01-01,1692740.0,1848242.0,4103700.0,356687.0,3540982.0,4460388.0,-919405.0
EMP001,Alta Vista Brooklin,Brooklin,entregue,Alto Padrão,2021-02-01,1472877.0,0.0,4001902.0,356687.0,1472877.0,4358590.0,-2885712.0
EMP001,Alta Vista Brooklin,Brooklin,entregue,Alto Padrão,2021-03-01,1271918.0,0.0,3879656.0,356687.0,1271918.0,4236343.0,-2964425.0
EMP001,Alta Vista Brooklin,Brooklin,entregue,Alto Padrão,2021-04-01,1090104.0,0.0,3739135.0,356687.0,1090104.0,4095823.0,-3005719.0
EMP001,Alta Vista Brooklin,Brooklin,entregue,Alto Padrão,2021-05-01,927241.0,0.0,3582736.0,356687.0,927241.0,3939424.0,-3012183.0
EMP001,Alta Vista Brooklin,Brooklin,entregue,Alto Padrão,2021-06-01,782769.0,0.0,3413008.0,356687.0,782769.0,3769696.0,-2986927.0
EMP001,Alta Vista Brooklin,Brooklin,entregue,Alto Padrão,2021-07-01,655829.0,0.0,3232591.0,356687.0,655829.0,3589279.0,-2933450.0
EMP001,Alta Vista Brooklin,Brooklin,entregue,Alto Padrão,2021-08-01,545335.0,0.0,3044154.0,356687.0,545335.0,3400842.0,-2855506.0
EMP001,Alta Vista Brooklin,Brooklin,entregue,Alto Padrão,2021-09-01,450042.0,0.0,2850330.0,356687.0,450042.0,3207018.0,-2756976.0
EMP001,Alta Vista Brooklin,Brooklin,entregue,Alto Padrão,2021-10-01,368602.0,0.0,2653666.0,356687.0,368602.0,3010354.0,-2641752.0
EMP001,Alta Vista Brooklin,Brooklin,entregue,Alto Padrão,2021-11-01,299626.0,0.0,2456569.0,356687.0,299626.0,2813256.0,-2513630.0
EMP001,Alta Vista Brooklin,Brooklin,entregue,Alto Padrão,2021-12-01,241722.0,0.0,2261266.0,356687.0,241722.0,2617953.0,-2376231.0
EMP002,Insígnia Campo Belo,Campo Belo,entregue,Alto Padrão,2019-05-01,1594666.0,0.0,0.0,367428.0,1594666.0,367428.0,1227238.0
EMP002,Insígnia Campo Belo,Campo Belo,entregue,Alto Padrão,2019-06-01,1789957.0,0.0,47503.0,367428.0,1789957.0,414931.0,1375026.0
EMP002,Insígnia Campo Belo,Campo Belo,entregue,Alto Padrão,2019-07-01,1994664.0,0.0,93484.0,367428.0,1994664.0,460912.0,1533753.0
EMP002,Insígnia Campo Belo,Campo Belo,entregue,Alto Padrão,2019-08-01,2206741.0,0.0,145417.0,367428.0,2206741.0,512845.0,1693896.0
EMP002,Insígnia Campo Belo,Campo Belo,entregue,Alto Padrão,2019-09-01,2423748.0,0.0,204828.0,367428.0,2423748.0,572256.0,1851492.0
EMP002,Insígnia Campo Belo,Campo Belo,entregue,Alto Padrão,2019-10-01,2642882.0,0.0,272619.0,367428.0,2642882.0,640047.0,2002835.0
EMP002,Insígnia Campo Belo,Campo Belo,entregue,Alto Padrão,2019-11-01,2861031.0,0.0,349426.0,367428.0,2861031.0,716854.0,2144177.0
EMP002,Insígnia Campo Belo,Campo Belo,entregue,Alto Padrão,2019-12-01,3074834.0,0.0,435695.0,229642.0,3074834.0,665337.0,2409496.0
EMP002,Insígnia Campo Belo,Campo Belo,entregue,Alto Padrão,2020-01-01,3280765.0,0.0,531693.0,229642.0,3280765.0,761335.0,2519429.0
EMP002,Insígnia Campo Belo,Campo Belo,entregue,Alto Padrão,2020-02-01,3475225.0,0.0,637505.0,229642.0,3475225.0,867147.0,2608077.0
EMP002,Insígnia Campo Belo,Campo Belo,entregue,Alto Padrão,2020-03-01,3654644.0,0.0,753018.0,229642.0,3654644.0,982661.0,2671983.0
EMP002,Insígnia Campo Belo,Campo Belo,entregue,Alto Padrão,2020-04-01,3815589.0,0.0,877913.0,229642.0,3815589.0,1107555.0,2708034.0
EMP002,Insígnia Campo Belo,Campo Belo,entregue,Alto Padrão,2020-05-01,3954873.0,1157318.0,1011648.0,229642.0,5112190.0,1241290.0,3870900.0
EMP002,Insígnia Campo Belo,Campo Belo,entregue,Alto Padrão,2020-06-01,4069657.0,1157318.0,1153457.0,229642.0,5226974.0,1383100.0,3843874.0
EMP002,Insígnia Campo Belo,Campo Belo,entregue,Alto Padrão,2020-07-01,4157549.0,1157318.0,1302349.0,229642.0,5314867.0,1531992.0,3782875.0
EMP002,Insígnia Campo Belo,Campo Belo,entregue,Alto Padrão,2020-08-01,4216687.0,1157318.0,1457108.0,229642.0,5374005.0,1686751.0,3687254.0
EMP002,Insígnia Campo Belo,Campo Belo,entregue,Alto Padrão,2020-09-01,4245802.0,1157318.0,1616308.0,229642.0,5403120.0,1845950.0,3557169.0
EMP002,Insígnia Campo Belo,Campo Belo,entregue,Alto Padrão,2020-10-01,4244265.0,1157318.0,1778329.0,229642.0,5401582.0,2007971.0,3393611.0
EMP002,Insígnia Campo Belo,Campo Belo,entregue,Alto Padrão,2020-11-01,4212108.0,1157318.0,1941383.0,229642.0,5369426.0,2171026.0,3198400.0
EMP002,Insígnia Campo Belo,Campo Belo,entregue,Alto Padrão,2020-12-01,4150028.0,1157318.0,2103546.0,229642.0,5307345.0,2333188.0,2974157.0
EMP002,Insígnia Campo Belo,Campo Belo,entregue,Alto Padrão,2021-01-01,4059353.0,1157318.0,2262791.0,229642.0,5216670.0,2492434.0,2724237.0
EMP002,Insígnia Campo Belo,Campo Belo,entregue,Alto Padrão,2021-02-01,3942003.0,1157318.0,2417034.0,229642.0,5099321.0,2646677.0,2452644.0
EMP002,Insígnia Campo Belo,Campo Belo,entregue,Alto Padrão,2021-03-01,3800419.0,1157318.0,2564177.0,229642.0,4957737.0,2793819.0,2163917.0
EMP002,Insígnia Campo Belo,Campo Belo,entregue,Alto Padrão,2021-04-01,3637478.0,1157318.0,2702154.0,229642.0,4794796.0,2931796.0,1862999.0
EMP002,Insígnia Campo Belo,Campo Belo,entregue,Alto Padrão,2021-05-01,3456397.0,1157318.0,2828983.0,229642.0,4613715.0,3058625.0,1555090.0
EMP002,Insígnia Campo Belo,Campo Belo,entregue,Alto Padrão,2021-06-01,3260628.0,1157318.0,2942811.0,229642.0,4417946.0,3172453.0,1245492.0
EMP002,Insígnia Campo Belo,Campo Belo,entregue,Alto Padrão,2021-07-01,3053748.0,1157318.0,3041961.0,229642.0,4211066.0,3271603.0,939463.0
EMP002,Insígnia Campo Belo,Campo Belo,entregue,Alto Padrão,2021-08-01,2839354.0,1157318.0,3124971.0,229642.0,3996672.0,3354614.0,642058.0
EMP002,Insígnia Campo Belo,Campo Belo,entregue,Alto Padrão,2021-09-01,2620960.0,1157318.0,3190634.0,229642.0,3778277.0,3420277.0,358000.0
EMP002,Insígnia Campo Belo,Campo Belo,entregue,Alto Padrão,2021-10-01,2401903.0,1157318.0,3238025.0,229642.0,3559220.0,3467667.0,91553.0
EMP002,Insígnia Campo Belo,Campo Belo,entregue,Alto Padrão,2021-11-01,2185269.0,1157318.0,3266521.0,229642.0,3342586.0,3496164.0,-153577.0
EMP002,Insígnia Campo Belo,Campo Belo,entregue,Alto Padrão,2021-12-01,1973825.0,1157318.0,3275820.0,229642.0,3131143.0,3505462.0,-374320.0
EMP002,Insígnia Campo Belo,Campo Belo,entregue,Alto Padrão,2022-01-01,1769974.0,1157318.0,3265942.0,229642.0,2927291.0,3495584.0,-568293.0
EMP002,Insígnia Campo Belo,Campo Belo,entregue,Alto Padrão,2022-02-01,1575721.0,1157318.0,3237225.0,229642.0,2733039.0,3466867.0,-733829.0
EMP002,Insígnia Campo Belo,Campo Belo,entregue,Alto Padrão,2022-03-01,1392664.0,1157318.0,3190316.0,229642.0,2549981.0,3419958.0,-869977.0
EMP002,Insígnia Campo Belo,Campo Belo,entregue,Alto Padrão,2022-04-01,1221990.0,1157318.0,3126146.0,229642.0,2379307.0,3355789.0,-976481.0
EMP002,Insígnia Campo Belo,Campo Belo,entregue,Alto Padrão,2022-05-01,1064494.0,0.0,3045907.0,229642.0,1064494.0,3275550.0,-2211056.0
EMP002,Insígnia Campo Belo,Campo Belo,entregue,Alto Padrão,2022-06-01,920604.0,0.0,2951015.0,229642.0,920604.0,3180658.0,-2260053.0
EMP002,Insígnia Campo Belo,Campo Belo,entregue,Alto Padrão,2022-07-01,790419.0,0.0,2843072.0,229642.0,790419.0,3072715.0,-2282296.0
EMP002,Insígnia Campo Belo,Campo Belo,entregue,Alto Padrão,2022-08-01,673746.0,0.0,2723825.0,229642.0,673746.0,2953467.0,-2279721.0
EMP002,Insígnia Campo Belo,Campo Belo,entregue,Alto Padrão,2022-09-01,570150.0,0.0,2595120.0,229642.0,570150.0,2824763.0,-2254612.0
EMP002,Insígnia Campo Belo,Campo Belo,entregue,Alto Padrão,2022-10-01,479001.0,0.0,2458861.0,229642.0,479001.0,2688504.0,-2209503.0
EMP002,Insígnia Campo Belo,Campo Belo,entregue,Alto Padrão,2022-11-01,399520.0,0.0,2316965.0,229642.0,399520.0,2546607.0,-2147087.0
EMP002,Insígnia Campo Belo,Campo Belo,entregue,Alto Padrão,2022-12-01,330822.0,0.0,2171318.0,229642.0,330822.0,2400960.0,-2070138.0
EMP002,Insígnia Campo Belo,Campo Belo,entregue,Alto Padrão,2023-01-01,271960.0,0.0,2023741.0,229642.0,271960.0,2253383.0,-1981423.0
EMP002,Insígnia Campo Belo,Campo Belo,entregue,Alto Padrão,2023-02-01,221958.0,0.0,1875955.0,229642.0,221958.0,2105597.0,-1883640.0
EMP002,Insígnia Campo Belo,Campo Belo,entregue,Alto Padrão,2023-03-01,179841.0,0.0,1729553.0,229642.0,179841.0,1959195.0,-1779354.0
EMP003,Verdi Alto de Pinheiros,Pinheiros,entregue,Premium,2019-08-01,735638.0,0.0,0.0,189567.0,735638.0,189567.0,546070.0
EMP003,Verdi Alto de Pinheiros,Pinheiros,entregue,Premium,2019-09-01,825728.0,0.0,21471.0,189567.0,825728.0,211038.0,614690.0
EMP003,Verdi Alto de Pinheiros,Pinheiros,entregue,Premium,2019-10-01,920162.0,0.0,42253.0,189567.0,920162.0,231820.0,688341.0
EMP003,Verdi Alto de Pinheiros,Pinheiros,entregue,Premium,2019-11-01,1017995.0,0.0,65726.0,189567.0,1017995.0,255294.0,762702.0
EMP003,Verdi Alto de Pinheiros,Pinheiros,entregue,Premium,2019-12-01,1118103.0,0.0,92579.0,189567.0,1118103.0,282146.0,835956.0
EMP003,Verdi Alto de Pinheiros,Pinheiros,entregue,Premium,2020-01-01,1219192.0,0.0,123219.0,189567.0,1219192.0,312787.0,906405.0
EMP003,Verdi Alto de Pinheiros,Pinheiros,entregue,Premium,2020-02-01,1319826.0,0.0,157935.0,189567.0,1319826.0,347502.0,972324.0
EMP003,Verdi Alto de Pinheiros,Pinheiros,entregue,Premium,2020-03-01,1418456.0,0.0,196927.0,118480.0,1418456.0,315406.0,1103050.0
EMP003,Verdi Alto de Pinheiros,Pinheiros,entregue,Premium,2020-04-01,1513454.0,0.0,240316.0,118480.0,1513454.0,358796.0,1154658.0
EMP003,Verdi Alto de Pinheiros,Pinheiros,entregue,Premium,2020-05-01,1603161.0,0.0,288142.0,118480.0,1603161.0,406621.0,1196540.0
EMP003,Verdi Alto de Pinheiros,Pinheiros,entregue,Premium,2020-06-01,1685929.0,0.0,340352.0,118480.0,1685929.0,458831.0,1227098.0
EMP003,Verdi Alto de Pinheiros,Pinheiros,entregue,Premium,2020-07-01,1760175.0,0.0,396802.0,118480.0,1760175.0,515282.0,1244893.0
EMP003,Verdi Alto de Pinheiros,Pinheiros,entregue,Premium,2020-08-01,1824428.0,619233.0,457248.0,118480.0,2443661.0,575728.0,1867933.0
EMP003,Verdi Alto de Pinheiros,Pinheiros,entregue,Premium,2020-09-01,1877379.0,619233.0,521344.0,118480.0,2496612.0,639823.0,1856788.0
EMP003,Verdi Alto de Pinheiros,Pinheiros,entregue,Premium,2020-10-01,1917925.0,619233.0,588641.0,118480.0,2537158.0,707120.0,1830038.0
EMP003,Verdi Alto de Pinheiros,Pinheiros,entregue,Premium,2020-11-01,1945206.0,619233.0,658589.0,118480.0,2564439.0,777069.0,1787370.0
EMP003,Verdi Alto de Pinheiros,Pinheiros,entregue,Premium,2020-12-01,1958637.0,619233.0,730545.0,118480.0,2577870.0,849024.0,1728846.0
EMP003,Verdi Alto de Pinheiros,Pinheiros,entregue,Premium,2021-01-01,1957928.0,619233.0,803775.0,118480.0,2577161.0,922255.0,1654906.0
EMP003,Verdi Alto de Pinheiros,Pinheiros,entregue,Premium,2021-02-01,1943094.0,619233.0,877473.0,118480.0,2562327.0,995953.0,1566374.0
EMP003,Verdi Alto de Pinheiros,Pinheiros,entregue,Premium,2021-03-01,1914455.0,619233.0,950768.0,118480.0,2533688.0,1069248.0,1464440.0
EMP003,Verdi Alto de Pinheiros,Pinheiros,entregue,Premium,2021-04-01,1872626.0,619233.0,1022744.0,118480.0,2491859.0,1141224.0,1350635.0
EMP003,Verdi Alto de Pinheiros,Pinheiros,entregue,Premium,2021-05-01,1818491.0,619233.0,1092460.0,118480.0,2437724.0,1210939.0,1226785.0
EMP003,Verdi Alto de Pinheiros,Pinheiros,entregue,Premium,2021-06-01,1753177.0,619233.0,1158966.0,118480.0,2372410.0,1277445.0,1094964.0
EMP003,Verdi Alto de Pinheiros,Pinheiros,entregue,Premium,2021-07-01,1678010.0,619233.0,1221329.0,118480.0,2297243.0,1339809.0,957434.0
EMP003,Verdi Alto de Pinheiros,Pinheiros,entregue,Premium,2021-08-01,1594476.0,619233.0,1278654.0,118480.0,2213708.0,1397133.0,816575.0
EMP003,Verdi Alto de Pinheiros,Pinheiros,entregue,Premium,2021-09-01,1504165.0,619233.0,1330102.0,118480.0,2123398.0,1448582.0,674816.0
EMP003,Verdi Alto de Pinheiros,Pinheiros,entregue,Premium,2021-10-01,1408729.0,619233.0,1374916.0,118480.0,2027962.0,1493396.0,534566.0
EMP003,Verdi Alto de Pinheiros,Pinheiros,entregue,Premium,2021-11-01,1309827.0,619233.0,1412435.0,118480.0,1929059.0,1530915.0,398144.0
EMP003,Verdi Alto de Pinheiros,Pinheiros,entregue,Premium,2021-12-01,1209079.0,619233.0,1442114.0,118480.0,1828311.0,1560594.0,267718.0
EMP003,Verdi Alto de Pinheiros,Pinheiros,entregue,Premium,2022-01-01,1108025.0,619233.0,1463534.0,118480.0,1727258.0,1582014.0,145244.0
EMP003,Verdi Alto de Pinheiros,Pinheiros,entregue,Premium,2022-02-01,1008089.0,619233.0,1476414.0,118480.0,1627322.0,1594893.0,32429.0
EMP003,Verdi Alto de Pinheiros,Pinheiros,entregue,Premium,2022-03-01,910548.0,619233.0,1480617.0,118480.0,1529781.0,1599096.0,-69316.0
EMP003,Verdi Alto de Pinheiros,Pinheiros,entregue,Premium,2022-04-01,816509.0,619233.0,1476152.0,118480.0,1435742.0,1594631.0,-158890.0
EMP003,Verdi Alto de Pinheiros,Pinheiros,entregue,Premium,2022-05-01,726898.0,619233.0,1463172.0,118480.0,1346131.0,1581652.0,-235521.0
EMP003,Verdi Alto de Pinheiros,Pinheiros,entregue,Premium,2022-06-01,642452.0,619233.0,1441970.0,118480.0,1261684.0,1560450.0,-298765.0
EMP003,Verdi Alto de Pinheiros,Pinheiros,entregue,Premium,2022-07-01,563718.0,619233.0,1412967.0,118480.0,1182950.0,1531446.0,-348496.0
EMP003,Verdi Alto de Pinheiros,Pinheiros,entregue,Premium,2022-08-01,491063.0,0.0,1376700.0,118480.0,491063.0,1495180.0,-1004116.0
EMP003,Verdi Alto de Pinheiros,Pinheiros,entregue,Premium,2022-09-01,424685.0,0.0,1333810.0,118480.0,424685.0,1452290.0,-1027605.0
EMP003,Verdi Alto de Pinheiros,Pinheiros,entregue,Premium,2022-10-01,364629.0,0.0,1285022.0,118480.0,364629.0,1403501.0,-1038872.0
EMP003,Verdi Alto de Pinheiros,Pinheiros,entregue,Premium,2022-11-01,310807.0,0.0,1231124.0,118480.0,310807.0,1349604.0,-1038797.0
EMP003,Verdi Alto de Pinheiros,Pinheiros,entregue,Premium,2022-12-01,263017.0,0.0,1172952.0,118480.0,263017.0,1291431.0,-1028414.0
EMP003,Verdi Alto de Pinheiros,Pinheiros,entregue,Premium,2023-01-01,220969.0,0.0,1111365.0,118480.0,220969.0,1229845.0,-1008876.0
EMP003,Verdi Alto de Pinheiros,Pinheiros,entregue,Premium,2023-02-01,184303.0,0.0,1047230.0,118480.0,184303.0,1165710.0,-981406.0
EMP003,Verdi Alto de Pinheiros,Pinheiros,entregue,Premium,2023-03-01,152612.0,0.0,981400.0,118480.0,152612.0,1099879.0,-947267.0
EMP003,Verdi Alto de Pinheiros,Pinheiros,entregue,Premium,2023-04-01,125458.0,0.0,914697.0,118480.0,125458.0,1033177.0,-907719.0
EMP003,Verdi Alto de Pinheiros,Pinheiros,entregue,Premium,2023-05-01,102392.0,0.0,847901.0,118480.0,102392.0,966380.0,-863989.0
EMP003,Verdi Alto de Pinheiros,Pinheiros,entregue,Premium,2023-06-01,82963.0,0.0,781729.0,118480.0,82963.0,900209.0,-817246.0
EMP004,Inside Brooklin I,Brooklin,entregue,Smart,2020-02-01,637173.0,0.0,0.0,166649.0,637173.0,166649.0,470524.0
EMP004,Inside Brooklin I,Brooklin,entregue,Smart,2020-03-01,720670.0,0.0,21401.0,166649.0,720670.0,188049.0,532621.0
EMP004,Inside Brooklin I,Brooklin,entregue,Smart,2020-04-01,808401.0,0.0,42445.0,166649.0,808401.0,209094.0,599307.0
EMP004,Inside Brooklin I,Brooklin,entregue,Smart,2020-05-01,899347.0,0.0,66495.0,166649.0,899347.0,233144.0,666203.0
EMP004,Inside Brooklin I,Brooklin,entregue,Smart,2020-06-01,992291.0,0.0,94262.0,166649.0,992291.0,260911.0,731380.0
EMP004,Inside Brooklin I,Brooklin,entregue,Smart,2020-07-01,1085829.0,0.0,126173.0,166649.0,1085829.0,292822.0,793007.0
EMP004,Inside Brooklin I,Brooklin,entregue,Smart,2020-08-01,1178405.0,0.0,162525.0,104156.0,1178405.0,266681.0,911724.0
EMP004,Inside Brooklin I,Brooklin,entregue,Smart,2020-09-01,1268349.0,0.0,203515.0,104156.0,1268349.0,307670.0,960678.0
EMP004,Inside Brooklin I,Brooklin,entregue,Smart,2020-10-01,1353921.0,0.0,249238.0,104156.0,1353921.0,353394.0,1000528.0
EMP004,Inside Brooklin I,Brooklin,entregue,Smart,2020-11-01,1433372.0,0.0,299688.0,104156.0,1433372.0,403843.0,1029529.0
EMP004,Inside Brooklin I,Brooklin,entregue,Smart,2020-12-01,1504996.0,0.0,354744.0,104156.0,1504996.0,458899.0,1046097.0
EMP004,Inside Brooklin I,Brooklin,entregue,Smart,2021-01-01,1567193.0,597301.0,414167.0,104156.0,2164493.0,518323.0,1646170.0
EMP004,Inside Brooklin I,Brooklin,entregue,Smart,2021-02-01,1618529.0,597301.0,477597.0,104156.0,2215829.0,581753.0,1634076.0
EMP004,Inside Brooklin I,Brooklin,entregue,Smart,2021-03-01,1657788.0,597301.0,544545.0,104156.0,2255089.0,648700.0,1606388.0
EMP004,Inside Brooklin I,Brooklin,entregue,Smart,2021-04-01,1684025.0,597301.0,614400.0,104156.0,2281326.0,718556.0,1562770.0
EMP004,Inside Brooklin I,Brooklin,entregue,Smart,2021-05-01,1696598.0,597301.0,686435.0,104156.0,2293898.0,790590.0,1503308.0
EMP004,Inside Brooklin I,Brooklin,entregue,Smart,2021-06-01,1695196.0,597301.0,759813.0,104156.0,2292497.0,863969.0,1428528.0
EMP004,Inside Brooklin I,Brooklin,entregue,Smart,2021-07-01,1679855.0,597301.0,833609.0,104156.0,2277156.0,937765.0,1339391.0
EMP004,Inside Brooklin I,Brooklin,entregue,Smart,2021-08-01,1650952.0,597301.0,906820.0,104156.0,2248253.0,1010976.0,1237277.0
EMP004,Inside Brooklin I,Brooklin,entregue,Smart,2021-09-01,1609192.0,597301.0,978393.0,104156.0,2206493.0,1082548.0,1123944.0
EMP004,Inside Brooklin I,Brooklin,entregue,Smart,2021-10-01,1555579.0,597301.0,1047247.0,104156.0,2152880.0,1151403.0,1001477.0
EMP004,Inside Brooklin I,Brooklin,entregue,Smart,2021-11-01,1491376.0,597301.0,1112302.0,104156.0,2088677.0,1216458.0,872219.0
EMP004,Inside Brooklin I,Brooklin,entregue,Smart,2021-12-01,1418055.0,597301.0,1172507.0,104156.0,2015355.0,1276662.0,738693.0
EMP004,Inside Brooklin I,Brooklin,entregue,Smart,2022-01-01,1337241.0,597301.0,1226865.0,104156.0,1934541.0,1331020.0,603521.0
EMP004,Inside Brooklin I,Brooklin,entregue,Smart,2022-02-01,1250654.0,597301.0,1274466.0,104156.0,1847954.0,1378621.0,469333.0
EMP004,Inside Brooklin I,Brooklin,entregue,Smart,2022-03-01,1160046.0,597301.0,1314509.0,104156.0,1757346.0,1418664.0,338682.0
EMP004,Inside Brooklin I,Brooklin,entregue,Smart,2022-04-01,1067147.0,597301.0,1346325.0,104156.0,1664447.0,1450481.0,213967.0
EMP004,Inside Brooklin I,Brooklin,entregue,Smart,2022-05-01,973608.0,597301.0,1369397.0,104156.0,1570908.0,1473553.0,97355.0
EMP004,Inside Brooklin I,Brooklin,entregue,Smart,2022-06-01,880957.0,597301.0,1383374.0,104156.0,1478257.0,1487530.0,-9272.0
EMP004,Inside Brooklin I,Brooklin,entregue,Smart,2022-07-01,790562.0,597301.0,1388078.0,104156.0,1387862.0,1492233.0,-104371.0
EMP004,Inside Brooklin I,Brooklin,entregue,Smart,2022-08-01,703603.0,597301.0,1383509.0,104156.0,1300904.0,1487665.0,-186761.0
EMP004,Inside Brooklin I,Brooklin,entregue,Smart,2022-09-01,621056.0,597301.0,1369846.0,104156.0,1218357.0,1474001.0,-255645.0
EMP004,Inside Brooklin I,Brooklin,entregue,Smart,2022-10-01,543682.0,597301.0,1347432.0,104156.0,1140982.0,1451588.0,-310606.0
EMP004,Inside Brooklin I,Brooklin,entregue,Smart,2022-11-01,472029.0,597301.0,1316771.0,104156.0,1069330.0,1420927.0,-351597.0
EMP004,Inside Brooklin I,Brooklin,entregue,Smart,2022-12-01,406447.0,0.0,1278504.0,104156.0,406447.0,1382659.0,-976212.0
EMP004,Inside Brooklin I,Brooklin,entregue,Smart,2023-01-01,347097.0,0.0,1233390.0,104156.0,347097.0,1337546.0,-990449.0
EMP004,Inside Brooklin I,Brooklin,entregue,Smart,2023-02-01,293973.0,0.0,1182286.0,104156.0,293973.0,1286442.0,-992469.0
EMP004,Inside Brooklin I,Brooklin,entregue,Smart,2023-03-01,246931.0,0.0,1126119.0,104156.0,246931.0,1230274.0,-983344.0
EMP004,Inside Brooklin I,Brooklin,entregue,Smart,2023-04-01,205709.0,0.0,1065858.0,104156.0,205709.0,1170014.0,-964305.0
EMP004,Inside Brooklin I,Brooklin,entregue,Smart,2023-05-01,169958.0,0.0,1002493.0,104156.0,169958.0,1106649.0,-936690.0
EMP004,Inside Brooklin I,Brooklin,entregue,Smart,2023-06-01,139265.0,0.0,937006.0,104156.0,139265.0,1041161.0,-901896.0
EMP004,Inside Brooklin I,Brooklin,entregue,Smart,2023-07-01,113176.0,0.0,870349.0,104156.0,113176.0,974505.0,-861329.0
EMP004,Inside Brooklin I,Brooklin,entregue,Smart,2023-08-01,91217.0,0.0,803425.0,104156.0,91217.0,907581.0,-816364.0
EMP004,Inside Brooklin I,Brooklin,entregue,Smart,2023-09-01,72913.0,0.0,737069.0,104156.0,72913.0,841224.0,-768311.0
EMP005,Insígnia Mooca,Mooca,entregue,Alto Padrão,2020-06-01,1123705.0,0.0,0.0,256267.0,1123705.0,256267.0,867439.0
EMP005,Insígnia Mooca,Mooca,entregue,Alto Padrão,2020-07-01,1267600.0,0.0,33800.0,256267.0,1267600.0,290066.0,977533.0
EMP005,Insígnia Mooca,Mooca,entregue,Alto Padrão,2020-08-01,1418667.0,0.0,66856.0,256267.0,1418667.0,323123.0,1095544.0
EMP005,Insígnia Mooca,Mooca,entregue,Alto Padrão,2020-09-01,1575242.0,0.0,104481.0,256267.0,1575242.0,360747.0,1214495.0
EMP005,Insígnia Mooca,Mooca,entregue,Alto Padrão,2020-10-01,1735333.0,0.0,147783.0,256267.0,1735333.0,404050.0,1331283.0
EMP005,Insígnia Mooca,Mooca,entregue,Alto Padrão,2020-11-01,1896648.0,0.0,197428.0,256267.0,1896648.0,453695.0,1442954.0
EMP005,Insígnia Mooca,Mooca,entregue,Alto Padrão,2020-12-01,2056645.0,0.0,253878.0,160167.0,2056645.0,414045.0,1642600.0
EMP005,Insígnia Mooca,Mooca,entregue,Alto Padrão,2021-01-01,2212587.0,0.0,317448.0,160167.0,2212587.0,477614.0,1734972.0
EMP005,Insígnia Mooca,Mooca,entregue,Alto Padrão,2021-02-01,2361619.0,0.0,388304.0,160167.0,2361619.0,548471.0,1813148.0
EMP005,Insígnia Mooca,Mooca,entregue,Alto Padrão,2021-03-01,2500852.0,0.0,466463.0,160167.0,2500852.0,626629.0,1874222.0
EMP005,Insígnia Mooca,Mooca,entregue,Alto Padrão,2021-04-01,2627451.0,0.0,551776.0,160167.0,2627451.0,711943.0,1915508.0
EMP005,Insígnia Mooca,Mooca,entregue,Alto Padrão,2021-05-01,2738733.0,0.0,643924.0,160167.0,2738733.0,804090.0,1934643.0
EMP005,Insígnia Mooca,Mooca,entregue,Alto Padrão,2021-06-01,2832262.0,1126850.0,742403.0,160167.0,3959112.0,902569.0,3056543.0
EMP005,Insígnia Mooca,Mooca,entregue,Alto Padrão,2021-07-01,2905934.0,1126850.0,846526.0,160167.0,4032784.0,1006693.0,3026091.0
EMP005,Insígnia Mooca,Mooca,entregue,Alto Padrão,2021-08-01,2958057.0,1126850.0,955425.0,160167.0,4084907.0,1115591.0,2969316.0
EMP005,Insígnia Mooca,Mooca,entregue,Alto Padrão,2021-09-01,2987417.0,1126850.0,1068052.0,160167.0,4114267.0,1228219.0,2886048.0
EMP005,Insígnia Mooca,Mooca,entregue,Alto Padrão,2021-10-01,2993324.0,1126850.0,1183199.0,160167.0,4120174.0,1343366.0,2776808.0
EMP005,Insígnia Mooca,Mooca,entregue,Alto Padrão,2021-11-01,2975638.0,1126850.0,1299512.0,160167.0,4102488.0,1459679.0,2642809.0
EMP005,Insígnia Mooca,Mooca,entregue,Alto Padrão,2021-12-01,2934777.0,1126850.0,1415519.0,160167.0,4061627.0,1575686.0,2485941.0
EMP005,Insígnia Mooca,Mooca,entregue,Alto Padrão,2022-01-01,2871697.0,1126850.0,1529657.0,160167.0,3998547.0,1689824.0,2308723.0
EMP005,Insígnia Mooca,Mooca,entregue,Alto Padrão,2022-02-01,2787857.0,1126850.0,1640309.0,160167.0,3914707.0,1800476.0,2114232.0
EMP005,Insígnia Mooca,Mooca,entregue,Alto Padrão,2022-03-01,2685166.0,1126850.0,1745841.0,160167.0,3812016.0,1906008.0,1906008.0
EMP005,Insígnia Mooca,Mooca,entregue,Alto Padrão,2022-04-01,2565903.0,1126850.0,1844642.0,160167.0,3692753.0,2004809.0,1687944.0
EMP005,Insígnia Mooca,Mooca,entregue,Alto Padrão,2022-05-01,2432640.0,1126850.0,1935164.0,160167.0,3559490.0,2095331.0,1464159.0
EMP005,Insígnia Mooca,Mooca,entregue,Alto Padrão,2022-06-01,2288147.0,1126850.0,2015966.0,160167.0,3414997.0,2176133.0,1238864.0
EMP005,Insígnia Mooca,Mooca,entregue,Alto Padrão,2022-07-01,2135299.0,1126850.0,2085749.0,160167.0,3262149.0,2245916.0,1016233.0
EMP005,Insígnia Mooca,Mooca,entregue,Alto Padrão,2022-08-01,1976978.0,1126850.0,2143391.0,160167.0,3103828.0,2303558.0,800270.0
EMP005,Insígnia Mooca,Mooca,entregue,Alto Padrão,2022-09-01,1815991.0,1126850.0,2187981.0,160167.0,2942841.0,2348148.0,594693.0
EMP005,Insígnia Mooca,Mooca,entregue,Alto Padrão,2022-10-01,1654985.0,1126850.0,2218840.0,160167.0,2781835.0,2379006.0,402829.0
EMP005,Insígnia Mooca,Mooca,entregue,Alto Padrão,2022-11-01,1496383.0,1126850.0,2235537.0,160167.0,2623233.0,2395703.0,227530.0
EMP005,Insígnia Mooca,Mooca,entregue,Alto Padrão,2022-12-01,1342333.0,1126850.0,2237903.0,160167.0,2469183.0,2398070.0,71113.0
EMP005,Insígnia Mooca,Mooca,entregue,Alto Padrão,2023-01-01,1194665.0,1126850.0,2226033.0,160167.0,2321515.0,2386200.0,-64685.0
EMP005,Insígnia Mooca,Mooca,entregue,Alto Padrão,2023-02-01,1054874.0,1126850.0,2200277.0,160167.0,2181724.0,2360443.0,-178719.0
EMP005,Insígnia Mooca,Mooca,entregue,Alto Padrão,2023-03-01,924110.0,1126850.0,2161228.0,160167.0,2050960.0,2321394.0,-270434.0
EMP005,Insígnia Mooca,Mooca,entregue,Alto Padrão,2023-04-01,803184.0,0.0,2109704.0,160167.0,803184.0,2269871.0,-1466687.0
EMP005,Insígnia Mooca,Mooca,entregue,Alto Padrão,2023-05-01,692589.0,0.0,2046723.0,160167.0,692589.0,2206890.0,-1514301.0
EMP005,Insígnia Mooca,Mooca,entregue,Alto Padrão,2023-06-01,592521.0,0.0,1973467.0,160167.0,592521.0,2133633.0,-1541112.0
EMP005,Insígnia Mooca,Mooca,entregue,Alto Padrão,2023-07-01,502922.0,0.0,1891252.0,160167.0,502922.0,2051419.0,-1548496.0
EMP005,Insígnia Mooca,Mooca,entregue,Alto Padrão,2023-08-01,423513.0,0.0,1801491.0,160167.0,423513.0,1961658.0,-1538145.0
EMP005,Insígnia Mooca,Mooca,entregue,Alto Padrão,2023-09-01,353835.0,0.0,1705655.0,160167.0,353835.0,1865822.0,-1511987.0
EMP005,Insígnia Mooca,Mooca,entregue,Alto Padrão,2023-10-01,293294.0,0.0,1605236.0,160167.0,293294.0,1765403.0,-1472108.0
EMP005,Insígnia Mooca,Mooca,entregue,Alto Padrão,2023-11-01,241199.0,0.0,1501711.0,160167.0,241199.0,1661878.0,-1420679.0
EMP005,Insígnia Mooca,Mooca,entregue,Alto Padrão,2023-12-01,196795.0,0.0,1396510.0,160167.0,196795.0,1556677.0,-1359882.0
EMP005,Insígnia Mooca,Mooca,entregue,Alto Padrão,2024-01-01,159303.0,0.0,1290987.0,160167.0,159303.0,1451154.0,-1291851.0
EMP005,Insígnia Mooca,Mooca,entregue,Alto Padrão,2024-02-01,127938.0,0.0,1186394.0,160167.0,127938.0,1346560.0,-1218622.0
EMP006,Reserva Chácara Klabin,Chácara Klabin,entregue,Alto Padrão,2020-10-01,1352665.0,0.0,0.0,312544.0,1352665.0,312544.0,1040122.0
EMP006,Reserva Chácara Klabin,Chácara Klabin,entregue,Alto Padrão,2020-11-01,1522015.0,0.0,38182.0,312544.0,1522015.0,350726.0,1171289.0
EMP006,Reserva Chácara Klabin,Chácara Klabin,entregue,Alto Padrão,2020-12-01,1699667.0,0.0,75329.0,312544.0,1699667.0,387873.0,1311794.0
EMP006,Reserva Chácara Klabin,Chácara Klabin,entregue,Alto Padrão,2021-01-01,1883757.0,0.0,117444.0,312544.0,1883757.0,429988.0,1453769.0
EMP006,Reserva Chácara Klabin,Chácara Klabin,entregue,Alto Padrão,2021-02-01,2072057.0,0.0,165766.0,312544.0,2072057.0,478310.0,1593748.0
EMP006,Reserva Chácara Klabin,Chácara Klabin,entregue,Alto Padrão,2021-03-01,2262012.0,0.0,221033.0,312544.0,2262012.0,533577.0,1728435.0
EMP006,Reserva Chácara Klabin,Chácara Klabin,entregue,Alto Padrão,2021-04-01,2450779.0,0.0,283763.0,195340.0,2450779.0,479103.0,1971676.0
EMP006,Reserva Chácara Klabin,Chácara Klabin,entregue,Alto Padrão,2021-05-01,2635297.0,0.0,354313.0,195340.0,2635297.0,549652.0,2085644.0
EMP006,Reserva Chácara Klabin,Chácara Klabin,entregue,Alto Padrão,2021-06-01,2812360.0,0.0,432885.0,195340.0,2812360.0,628225.0,2184135.0
EMP006,Reserva Chácara Klabin,Chácara Klabin,entregue,Alto Padrão,2021-07-01,2978712.0,0.0,519525.0,195340.0,2978712.0,714865.0,2263847.0
EMP006,Reserva Chácara Klabin,Chácara Klabin,entregue,Alto Padrão,2021-08-01,3131138.0,0.0,614107.0,195340.0,3131138.0,809447.0,2321691.0
EMP006,Reserva Chácara Klabin,Chácara Klabin,entregue,Alto Padrão,2021-09-01,3266570.0,0.0,716324.0,195340.0,3266570.0,911664.0,2354906.0
EMP006,Reserva Chácara Klabin,Chácara Klabin,entregue,Alto Padrão,2021-10-01,3382189.0,889791.0,825678.0,195340.0,4271980.0,1021018.0,3250962.0
EMP006,Reserva Chácara Klabin,Chácara Klabin,entregue,Alto Padrão,2021-11-01,3475521.0,889791.0,941479.0,195340.0,4365312.0,1136819.0,3228493.0
EMP006,Reserva Chácara Klabin,Chácara Klabin,entregue,Alto Padrão,2021-12-01,3544525.0,889791.0,1062841.0,195340.0,4434316.0,1258181.0,3176135.0
EMP006,Reserva Chácara Klabin,Chácara Klabin,entregue,Alto Padrão,2022-01-01,3587668.0,889791.0,1188688.0,195340.0,4477459.0,1384028.0,3093431.0
EMP006,Reserva Chácara Klabin,Chácara Klabin,entregue,Alto Padrão,2022-02-01,3603982.0,889791.0,1317770.0,195340.0,4493773.0,1513110.0,2980663.0
EMP006,Reserva Chácara Klabin,Chácara Klabin,entregue,Alto Padrão,2022-03-01,3593097.0,889791.0,1448675.0,195340.0,4482889.0,1644015.0,2838874.0
EMP006,Reserva Chácara Klabin,Chácara Klabin,entregue,Alto Padrão,2022-04-01,3555262.0,889791.0,1579856.0,195340.0,4445053.0,1775196.0,2669857.0
EMP006,Reserva Chácara Klabin,Chácara Klabin,entregue,Alto Padrão,2022-05-01,3491324.0,889791.0,1709660.0,195340.0,4381116.0,1905000.0,2476116.0
EMP006,Reserva Chácara Klabin,Chácara Klabin,entregue,Alto Padrão,2022-06-01,3402710.0,889791.0,1836359.0,195340.0,4292502.0,2031699.0,2260803.0
EMP006,Reserva Chácara Klabin,Chácara Klabin,entregue,Alto Padrão,2022-07-01,3291364.0,889791.0,1958192.0,195340.0,4181155.0,2153532.0,2027623.0
EMP006,Reserva Chácara Klabin,Chácara Klabin,entregue,Alto Padrão,2022-08-01,3159678.0,889791.0,2073404.0,195340.0,4049469.0,2268744.0,1780726.0
EMP006,Reserva Chácara Klabin,Chácara Klabin,entregue,Alto Padrão,2022-09-01,3010412.0,889791.0,2180285.0,195340.0,3900203.0,2375625.0,1524578.0
EMP006,Reserva Chácara Klabin,Chácara Klabin,entregue,Alto Padrão,2022-10-01,2846592.0,889791.0,2277220.0,195340.0,3736383.0,2472560.0,1263823.0
EMP006,Reserva Chácara Klabin,Chácara Klabin,entregue,Alto Padrão,2022-11-01,2671410.0,889791.0,2362720.0,195340.0,3561201.0,2558060.0,1003141.0
EMP006,Reserva Chácara Klabin,Chácara Klabin,entregue,Alto Padrão,2022-12-01,2488124.0,889791.0,2435471.0,195340.0,3377915.0,2630811.0,747104.0
EMP006,Reserva Chácara Klabin,Chácara Klabin,entregue,Alto Padrão,2023-01-01,2299956.0,889791.0,2494357.0,195340.0,3189747.0,2689697.0,500050.0
EMP006,Reserva Chácara Klabin,Chácara Klabin,entregue,Alto Padrão,2023-02-01,2110003.0,889791.0,2538499.0,195340.0,2999794.0,2733839.0,265955.0
EMP006,Reserva Chácara Klabin,Chácara Klabin,entregue,Alto Padrão,2023-03-01,1921157.0,889791.0,2567269.0,195340.0,2810948.0,2762609.0,48339.0
EMP006,Reserva Chácara Klabin,Chácara Klabin,entregue,Alto Padrão,2023-04-01,1736036.0,889791.0,2580311.0,195340.0,2625827.0,2775651.0,-149824.0
EMP006,Reserva Chácara Klabin,Chácara Klabin,entregue,Alto Padrão,2023-05-01,1556936.0,889791.0,2577543.0,195340.0,2446727.0,2772883.0,-326156.0
EMP006,Reserva Chácara Klabin,Chácara Klabin,entregue,Alto Padrão,2023-06-01,1385794.0,889791.0,2559161.0,195340.0,2275586.0,2754501.0,-478915.0
EMP006,Reserva Chácara Klabin,Chácara Klabin,entregue,Alto Padrão,2023-07-01,1224174.0,889791.0,2525627.0,195340.0,2113965.0,2720967.0,-607002.0
EMP006,Reserva Chácara Klabin,Chácara Klabin,entregue,Alto Padrão,2023-08-01,1073256.0,889791.0,2477658.0,195340.0,1963047.0,2672998.0,-709951.0
EMP006,Reserva Chácara Klabin,Chácara Klabin,entregue,Alto Padrão,2023-09-01,933856.0,0.0,2416196.0,195340.0,933856.0,2611536.0,-1677681.0
EMP006,Reserva Chácara Klabin,Chácara Klabin,entregue,Alto Padrão,2023-10-01,806440.0,0.0,2342388.0,195340.0,806440.0,2537728.0,-1731288.0
EMP006,Reserva Chácara Klabin,Chácara Klabin,entregue,Alto Padrão,2023-11-01,691164.0,0.0,2257548.0,195340.0,691164.0,2452887.0,-1761724.0
EMP006,Reserva Chácara Klabin,Chácara Klabin,entregue,Alto Padrão,2023-12-01,587903.0,0.0,2163120.0,195340.0,587903.0,2358460.0,-1770557.0
EMP006,Reserva Chácara Klabin,Chácara Klabin,entregue,Alto Padrão,2024-01-01,496303.0,0.0,2060644.0,195340.0,496303.0,2255984.0,-1759682.0
EMP006,Reserva Chácara Klabin,Chácara Klabin,entregue,Alto Padrão,2024-02-01,415818.0,0.0,1951716.0,195340.0,415818.0,2147056.0,-1731237.0
EMP006,Reserva Chácara Klabin,Chácara Klabin,entregue,Alto Padrão,2024-03-01,345761.0,0.0,1837944.0,195340.0,345761.0,2033284.0,-1687523.0
EMP006,Reserva Chácara Klabin,Chácara Klabin,entregue,Alto Padrão,2024-04-01,285342.0,0.0,1720921.0,195340.0,285342.0,1916261.0,-1630919.0
EMP006,Reserva Chácara Klabin,Chácara Klabin,entregue,Alto Padrão,2024-05-01,233707.0,0.0,1602183.0,195340.0,233707.0,1797523.0,-1563816.0
EMP006,Reserva Chácara Klabin,Chácara Klabin,entregue,Alto Padrão,2024-06-01,189973.0,0.0,1483183.0,195340.0,189973.0,1678523.0,-1488549.0
EMP006,Reserva Chácara Klabin,Chácara Klabin,entregue,Alto Padrão,2024-07-01,153260.0,0.0,1365266.0,195340.0,153260.0,1560606.0,-1407346.0
EMP007,Classic Santana,Santana,entregue,Alto Padrão,2021-01-01,900527.0,0.0,0.0,191418.0,900527.0,191418.0,709110.0
EMP007,Classic Santana,Santana,entregue,Alto Padrão,2021-02-01,1013271.0,0.0,25132.0,191418.0,1013271.0,216550.0,796721.0
EMP007,Classic Santana,Santana,entregue,Alto Padrão,2021-03-01,1131541.0,0.0,49582.0,191418.0,1131541.0,241000.0,890541.0
EMP007,Classic Santana,Santana,entregue,Alto Padrão,2021-04-01,1254098.0,0.0,77303.0,191418.0,1254098.0,268720.0,985377.0
EMP007,Classic Santana,Santana,entregue,Alto Padrão,2021-05-01,1379457.0,0.0,109109.0,191418.0,1379457.0,300527.0,1078931.0
EMP007,Classic Santana,Santana,entregue,Alto Padrão,2021-06-01,1505918.0,0.0,145486.0,191418.0,1505918.0,336904.0,1169014.0
EMP007,Classic Santana,Santana,entregue,Alto Padrão,2021-07-01,1631589.0,0.0,186776.0,119636.0,1631589.0,306412.0,1325177.0
EMP007,Classic Santana,Santana,entregue,Alto Padrão,2021-08-01,1754430.0,0.0,233212.0,119636.0,1754430.0,352848.0,1401582.0
EMP007,Classic Santana,Santana,entregue,Alto Padrão,2021-09-01,1872309.0,0.0,284929.0,119636.0,1872309.0,404565.0,1467744.0
EMP007,Classic Santana,Santana,entregue,Alto Padrão,2021-10-01,1983056.0,0.0,341957.0,119636.0,1983056.0,461593.0,1521464.0
EMP007,Classic Santana,Santana,entregue,Alto Padrão,2021-11-01,2084533.0,0.0,404211.0,119636.0,2084533.0,523847.0,1560685.0
EMP007,Classic Santana,Santana,entregue,Alto Padrão,2021-12-01,2174696.0,0.0,471491.0,119636.0,2174696.0,591128.0,1583568.0
EMP007,Classic Santana,Santana,entregue,Alto Padrão,2022-01-01,2251668.0,507083.0,543470.0,119636.0,2758751.0,663106.0,2095646.0
EMP007,Classic Santana,Santana,entregue,Alto Padrão,2022-02-01,2313803.0,507083.0,619691.0,119636.0,2820886.0,739327.0,2081559.0
EMP007,Classic Santana,Santana,entregue,Alto Padrão,2022-03-01,2359742.0,507083.0,699572.0,119636.0,2866825.0,819208.0,2047617.0
EMP007,Classic Santana,Santana,entregue,Alto Padrão,2022-04-01,2388464.0,507083.0,782406.0,119636.0,2895547.0,902042.0,1993505.0
EMP007,Classic Santana,Santana,entregue,Alto Padrão,2022-05-01,2399325.0,507083.0,867369.0,119636.0,2906408.0,987005.0,1919403.0
EMP007,Classic Santana,Santana,entregue,Alto Padrão,2022-06-01,2392079.0,507083.0,953532.0,119636.0,2899162.0,1073168.0,1825994.0
EMP007,Classic Santana,Santana,entregue,Alto Padrão,2022-07-01,2366890.0,507083.0,1039877.0,119636.0,2873973.0,1159513.0,1714460.0
EMP007,Classic Santana,Santana,entregue,Alto Padrão,2022-08-01,2324324.0,507083.0,1125315.0,119636.0,2831407.0,1244951.0,1586457.0
EMP007,Classic Santana,Santana,entregue,Alto Padrão,2022-09-01,2265330.0,507083.0,1208710.0,119636.0,2772413.0,1328346.0,1444068.0
EMP007,Classic Santana,Santana,entregue,Alto Padrão,2022-10-01,2191202.0,507083.0,1288901.0,119636.0,2698285.0,1408537.0,1289747.0
EMP007,Classic Santana,Santana,entregue,Alto Padrão,2022-11-01,2103533.0,507083.0,1364735.0,119636.0,2610616.0,1484371.0,1126246.0
EMP007,Classic Santana,Santana,entregue,Alto Padrão,2022-12-01,2004160.0,507083.0,1435085.0,119636.0,2511244.0,1554721.0,956522.0
EMP007,Classic Santana,Santana,entregue,Alto Padrão,2023-01-01,1895098.0,507083.0,1498888.0,119636.0,2402181.0,1618524.0,783657.0
EMP007,Classic Santana,Santana,entregue,Alto Padrão,2023-02-01,1778472.0,507083.0,1555166.0,119636.0,2285555.0,1674802.0,610753.0
EMP007,Classic Santana,Santana,entregue,Alto Padrão,2023-03-01,1656451.0,507083.0,1603051.0,119636.0,2163534.0,1722687.0,440847.0
EMP007,Classic Santana,Santana,entregue,Alto Padrão,2023-04-01,1531179.0,507083.0,1641810.0,119636.0,2038262.0,1761446.0,276816.0
EMP007,Classic Santana,Santana,entregue,Alto Padrão,2023-05-01,1404720.0,507083.0,1670865.0,119636.0,1911803.0,1790501.0,121302.0
EMP007,Classic Santana,Santana,entregue,Alto Padrão,2023-06-01,1278997.0,507083.0,1689802.0,119636.0,1786080.0,1809438.0,-23358.0
EMP007,Classic Santana,Santana,entregue,Alto Padrão,2023-07-01,1155754.0,507083.0,1698386.0,119636.0,1662837.0,1818022.0,-155185.0
EMP007,Classic Santana,Santana,entregue,Alto Padrão,2023-08-01,1036519.0,507083.0,1696564.0,119636.0,1543602.0,1816200.0,-272598.0
EMP007,Classic Santana,Santana,entregue,Alto Padrão,2023-09-01,922583.0,507083.0,1684465.0,119636.0,1429666.0,1804101.0,-374435.0
EMP007,Classic Santana,Santana,entregue,Alto Padrão,2023-10-01,814985.0,507083.0,1662393.0,119636.0,1322068.0,1782029.0,-459961.0
EMP007,Classic Santana,Santana,entregue,Alto Padrão,2023-11-01,714513.0,507083.0,1630819.0,119636.0,1221596.0,1750455.0,-528859.0
EMP007,Classic Santana,Santana,entregue,Alto Padrão,2023-12-01,621708.0,0.0,1590364.0,119636.0,621708.0,1710000.0,-1088292.0
EMP007,Classic Santana,Santana,entregue,Alto Padrão,2024-01-01,536882.0,0.0,1541783.0,119636.0,536882.0,1661419.0,-1124537.0
EMP007,Classic Santana,Santana,entregue,Alto Padrão,2024-02-01,460137.0,0.0,1485940.0,119636.0,460137.0,1605576.0,-1145439.0
EMP007,Classic Santana,Santana,entregue,Alto Padrão,2024-03-01,391392.0,0.0,1423787.0,119636.0,391392.0,1543423.0,-1152030.0
EMP007,Classic Santana,Santana,entregue,Alto Padrão,2024-04-01,330410.0,0.0,1356336.0,119636.0,330410.0,1475972.0,-1145562.0
EMP007,Classic Santana,Santana,entregue,Alto Padrão,2024-05-01,276828.0,0.0,1284638.0,119636.0,276828.0,1404274.0,-1127446.0
EMP007,Classic Santana,Santana,entregue,Alto Padrão,2024-06-01,230188.0,0.0,1209753.0,119636.0,230188.0,1329389.0,-1099201.0
EMP007,Classic Santana,Santana,entregue,Alto Padrão,2024-07-01,189964.0,0.0,1132727.0,119636.0,189964.0,1252363.0,-1062399.0
EMP007,Classic Santana,Santana,entregue,Alto Padrão,2024-08-01,155589.0,0.0,1054572.0,119636.0,155589.0,1174208.0,-1018620.0
EMP007,Classic Santana,Santana,entregue,Alto Padrão,2024-09-01,126473.0,0.0,976245.0,119636.0,126473.0,1095882.0,-969408.0
EMP007,Classic Santana,Santana,entregue,Alto Padrão,2024-10-01,102032.0,0.0,898632.0,119636.0,102032.0,1018268.0,-916236.0
EMP008,Infinity Brooklin,Brooklin,entregue,Premium,2021-06-01,2590030.0,0.0,0.0,530017.0,2590030.0,530017.0,2060013.0
EMP008,Infinity Brooklin,Brooklin,entregue,Premium,2021-07-01,2914295.0,0.0,66674.0,530017.0,2914295.0,596691.0,2317604.0
EMP008,Infinity Brooklin,Brooklin,entregue,Premium,2021-08-01,3254455.0,0.0,131539.0,530017.0,3254455.0,661556.0,2592898.0
EMP008,Infinity Brooklin,Brooklin,entregue,Premium,2021-09-01,3606942.0,0.0,205080.0,530017.0,3606942.0,735097.0,2871845.0
EMP008,Infinity Brooklin,Brooklin,entregue,Premium,2021-10-01,3967493.0,0.0,289460.0,530017.0,3967493.0,819477.0,3148016.0
EMP008,Infinity Brooklin,Brooklin,entregue,Premium,2021-11-01,4331211.0,0.0,385968.0,530017.0,4331211.0,915985.0,3415226.0
EMP008,Infinity Brooklin,Brooklin,entregue,Premium,2021-12-01,4692654.0,0.0,495507.0,331261.0,4692654.0,826767.0,3865887.0
EMP008,Infinity Brooklin,Brooklin,entregue,Premium,2022-01-01,5045961.0,0.0,618700.0,331261.0,5045961.0,949960.0,4096001.0
EMP008,Infinity Brooklin,Brooklin,entregue,Premium,2022-02-01,5384996.0,0.0,755903.0,331261.0,5384996.0,1087164.0,4297832.0
EMP008,Infinity Brooklin,Brooklin,entregue,Premium,2022-03-01,5703519.0,0.0,907194.0,331261.0,5703519.0,1238455.0,4465065.0
EMP008,Infinity Brooklin,Brooklin,entregue,Premium,2022-04-01,5995378.0,0.0,1072353.0,331261.0,5995378.0,1403613.0,4591765.0
EMP008,Infinity Brooklin,Brooklin,entregue,Premium,2022-05-01,6254698.0,0.0,1250843.0,331261.0,6254698.0,1582104.0,4672594.0
EMP008,Infinity Brooklin,Brooklin,entregue,Premium,2022-06-01,6476081.0,1479569.0,1441798.0,331261.0,7955650.0,1773058.0,6182591.0
EMP008,Infinity Brooklin,Brooklin,entregue,Premium,2022-07-01,6654789.0,1479569.0,1644009.0,331261.0,8134357.0,1975270.0,6159088.0
EMP008,Infinity Brooklin,Brooklin,entregue,Premium,2022-08-01,6786915.0,1479569.0,1855930.0,331261.0,8266483.0,2187191.0,6079293.0
EMP008,Infinity Brooklin,Brooklin,entregue,Premium,2022-09-01,6869523.0,1479569.0,2075684.0,331261.0,8349092.0,2406945.0,5942147.0
EMP008,Infinity Brooklin,Brooklin,entregue,Premium,2022-10-01,6900760.0,1479569.0,2301087.0,331261.0,8380329.0,2632348.0,5747982.0
EMP008,Infinity Brooklin,Brooklin,entregue,Premium,2022-11-01,6879920.0,1479569.0,2529673.0,331261.0,8359489.0,2860934.0,5498555.0
EMP008,Infinity Brooklin,Brooklin,entregue,Premium,2022-12-01,6807473.0,1479569.0,2758741.0,331261.0,8287042.0,3090002.0,5197040.0
EMP008,Infinity Brooklin,Brooklin,entregue,Premium,2023-01-01,6685049.0,1479569.0,2985404.0,331261.0,8164618.0,3316665.0,4847953.0
EMP008,Infinity Brooklin,Brooklin,entregue,Premium,2023-02-01,6515374.0,1479569.0,3206646.0,331261.0,7994943.0,3537907.0,4457036.0
EMP008,Infinity Brooklin,Brooklin,entregue,Premium,2023-03-01,6302172.0,1479569.0,3419391.0,331261.0,7781741.0,3750652.0,4031089.0
EMP008,Infinity Brooklin,Brooklin,entregue,Premium,2023-04-01,6050026.0,1479569.0,3620573.0,331261.0,7529595.0,3951833.0,3577761.0
EMP008,Infinity Brooklin,Brooklin,entregue,Premium,2023-05-01,5764217.0,1479569.0,3807209.0,331261.0,7243786.0,4138470.0,3105316.0
EMP008,Infinity Brooklin,Brooklin,entregue,Premium,2023-06-01,5450541.0,1479569.0,3976476.0,331261.0,6930109.0,4307736.0,2622373.0
EMP008,Infinity Brooklin,Brooklin,entregue,Premium,2023-07-01,5115109.0,1479569.0,4125777.0,331261.0,6594678.0,4457037.0,2137640.0
EMP008,Infinity Brooklin,Brooklin,entregue,Premium,2023-08-01,4764160.0,1479569.0,4252813.0,331261.0,6243729.0,4584074.0,1659655.0
EMP008,Infinity Brooklin,Brooklin,entregue,Premium,2023-09-01,4403864.0,1479569.0,4355641.0,331261.0,5883432.0,4686902.0,1196531.0
EMP008,Infinity Brooklin,Brooklin,entregue,Premium,2023-10-01,4040150.0,1479569.0,4432721.0,331261.0,5519719.0,4763982.0,755737.0
EMP008,Infinity Brooklin,Brooklin,entregue,Premium,2023-11-01,3678555.0,1479569.0,4482960.0,331261.0,5158124.0,4814221.0,343903.0
EMP008,Infinity Brooklin,Brooklin,entregue,Premium,2023-12-01,3324093.0,1479569.0,4505733.0,331261.0,4803662.0,4836994.0,-33332.0
EMP008,Infinity Brooklin,Brooklin,entregue,Premium,2024-01-01,2981159.0,1479569.0,4500899.0,331261.0,4460728.0,4832160.0,-371433.0
EMP008,Infinity Brooklin,Brooklin,entregue,Premium,2024-02-01,2653464.0,1479569.0,4468801.0,331261.0,4133033.0,4800061.0,-667028.0
EMP008,Infinity Brooklin,Brooklin,entregue,Premium,2024-03-01,2343999.0,1479569.0,4410245.0,331261.0,3823568.0,4741505.0,-917938.0
EMP008,Infinity Brooklin,Brooklin,entregue,Premium,2024-04-01,2055028.0,1479569.0,4326480.0,331261.0,3534597.0,4657741.0,-1123144.0
EMP008,Infinity Brooklin,Brooklin,entregue,Premium,2024-05-01,1788110.0,0.0,4219156.0,331261.0,1788110.0,4550417.0,-2762307.0
EMP008,Infinity Brooklin,Brooklin,entregue,Premium,2024-06-01,1544140.0,0.0,4090273.0,331261.0,1544140.0,4421534.0,-2877394.0
EMP008,Infinity Brooklin,Brooklin,entregue,Premium,2024-07-01,1323413.0,0.0,3942124.0,331261.0,1323413.0,4273385.0,-2949972.0
EMP008,Infinity Brooklin,Brooklin,entregue,Premium,2024-08-01,1125693.0,0.0,3777235.0,331261.0,1125693.0,4108495.0,-2982802.0
EMP008,Infinity Brooklin,Brooklin,entregue,Premium,2024-09-01,950300.0,0.0,3598292.0,331261.0,950300.0,3929553.0,-2979253.0
EMP008,Infinity Brooklin,Brooklin,entregue,Premium,2024-10-01,796192.0,0.0,3408081.0,331261.0,796192.0,3739342.0,-2943150.0
EMP008,Infinity Brooklin,Brooklin,entregue,Premium,2024-11-01,662050.0,0.0,3209414.0,331261.0,662050.0,3540675.0,-2878625.0
EMP008,Infinity Brooklin,Brooklin,entregue,Premium,2024-12-01,546362.0,0.0,3005068.0,331261.0,546362.0,3336329.0,-2789967.0
EMP008,Infinity Brooklin,Brooklin,entregue,Premium,2025-01-01,447492.0,0.0,2797728.0,331261.0,447492.0,3128988.0,-2681496.0
EMP008,Infinity Brooklin,Brooklin,entregue,Premium,2025-02-01,363753.0,0.0,2589930.0,331261.0,363753.0,2921191.0,-2557438.0
EMP008,Infinity Brooklin,Brooklin,entregue,Premium,2025-03-01,293457.0,0.0,2384025.0,331261.0,293457.0,2715285.0,-2421828.0
EMP009,Insígnia Alto da Lapa,Alto da Lapa,em_obra,Alto Padrão,2022-02-01,1718098.0,0.0,0.0,460034.0,1718098.0,460034.0,1258063.0
EMP009,Insígnia Alto da Lapa,Alto da Lapa,em_obra,Alto Padrão,2022-03-01,1928505.0,0.0,59778.0,460034.0,1928505.0,519812.0,1408693.0
EMP009,Insígnia Alto da Lapa,Alto da Lapa,em_obra,Alto Padrão,2022-04-01,2149057.0,0.0,117640.0,460034.0,2149057.0,577674.0,1571383.0
EMP009,Insígnia Alto da Lapa,Alto da Lapa,em_obra,Alto Padrão,2022-05-01,2377550.0,0.0,182994.0,460034.0,2377550.0,643028.0,1734522.0
EMP009,Insígnia Alto da Lapa,Alto da Lapa,em_obra,Alto Padrão,2022-06-01,2611353.0,0.0,257757.0,460034.0,2611353.0,717791.0,1893563.0
EMP009,Insígnia Alto da Lapa,Alto da Lapa,em_obra,Alto Padrão,2022-07-01,2847449.0,0.0,343065.0,460034.0,2847449.0,803099.0,2044350.0
EMP009,Insígnia Alto da Lapa,Alto da Lapa,em_obra,Alto Padrão,2022-08-01,3082483.0,0.0,439719.0,460034.0,3082483.0,899753.0,2182730.0
EMP009,Insígnia Alto da Lapa,Alto da Lapa,em_obra,Alto Padrão,2022-09-01,3312835.0,0.0,548279.0,287521.0,3312835.0,835801.0,2477034.0
EMP009,Insígnia Alto da Lapa,Alto da Lapa,em_obra,Alto Padrão,2022-10-01,3534706.0,0.0,669084.0,287521.0,3534706.0,956605.0,2578100.0
EMP009,Insígnia Alto da Lapa,Alto da Lapa,em_obra,Alto Padrão,2022-11-01,3744217.0,0.0,802238.0,287521.0,3744217.0,1089759.0,2654458.0
EMP009,Insígnia Alto da Lapa,Alto da Lapa,em_obra,Alto Padrão,2022-12-01,3937524.0,0.0,947600.0,287521.0,3937524.0,1235122.0,2702403.0
EMP009,Insígnia Alto da Lapa,Alto da Lapa,em_obra,Alto Padrão,2023-01-01,4110927.0,0.0,1104768.0,287521.0,4110927.0,1392289.0,2718638.0
EMP009,Insígnia Alto da Lapa,Alto da Lapa,em_obra,Alto Padrão,2023-02-01,4260992.0,2054536.0,1273060.0,287521.0,6315528.0,1560582.0,4754946.0
EMP009,Insígnia Alto da Lapa,Alto da Lapa,em_obra,Alto Padrão,2023-03-01,4384660.0,2054536.0,1451514.0,287521.0,6439197.0,1739036.0,4700161.0
EMP009,Insígnia Alto da Lapa,Alto da Lapa,em_obra,Alto Padrão,2023-04-01,4479356.0,2054536.0,1638880.0,287521.0,6533892.0,1926402.0,4607491.0
EMP009,Insígnia Alto da Lapa,Alto da Lapa,em_obra,Alto Padrão,2023-05-01,4543071.0,2054536.0,1833630.0,287521.0,6597608.0,2121151.0,4476457.0
EMP009,Insígnia Alto da Lapa,Alto da Lapa,em_obra,Alto Padrão,2023-06-01,4574440.0,2054536.0,2033967.0,287521.0,6628976.0,2321488.0,4307488.0
EMP009,Insígnia Alto da Lapa,Alto da Lapa,em_obra,Alto Padrão,2023-07-01,4572784.0,2054536.0,2237854.0,287521.0,6627320.0,2525375.0,4101944.0
EMP009,Insígnia Alto da Lapa,Alto da Lapa,em_obra,Alto Padrão,2023-08-01,4538138.0,2054536.0,2443042.0,287521.0,6592675.0,2730564.0,3862111.0
EMP009,Insígnia Alto da Lapa,Alto da Lapa,em_obra,Alto Padrão,2023-09-01,4471252.0,2054536.0,2647108.0,287521.0,6525789.0,2934630.0,3591159.0
EMP009,Insígnia Alto da Lapa,Alto da Lapa,em_obra,Alto Padrão,2023-10-01,4373559.0,2054536.0,2847503.0,287521.0,6428095.0,3135024.0,3293071.0
EMP009,Insígnia Alto da Lapa,Alto da Lapa,em_obra,Alto Padrão,2023-11-01,4247126.0,2054536.0,3041603.0,287521.0,6301662.0,3329125.0,2972538.0
EMP009,Insígnia Alto da Lapa,Alto da Lapa,em_obra,Alto Padrão,2023-12-01,4094583.0,2054536.0,3226768.0,287521.0,6149119.0,3514289.0,2634830.0
EMP009,Insígnia Alto da Lapa,Alto da Lapa,em_obra,Alto Padrão,2024-01-01,3919030.0,2054536.0,3400398.0,287521.0,5973566.0,3687920.0,2285646.0
EMP009,Insígnia Alto da Lapa,Alto da Lapa,em_obra,Alto Padrão,2024-02-01,3723933.0,2054536.0,3560000.0,287521.0,5778469.0,3847522.0,1930948.0
EMP009,Insígnia Alto da Lapa,Alto da Lapa,em_obra,Alto Padrão,2024-03-01,3513011.0,2054536.0,3703242.0,287521.0,5567547.0,3990763.0,1576784.0
EMP009,Insígnia Alto da Lapa,Alto da Lapa,em_obra,Alto Padrão,2024-04-01,3290118.0,2054536.0,3828012.0,287521.0,5344654.0,4115534.0,1229121.0
EMP009,Insígnia Alto da Lapa,Alto da Lapa,em_obra,Alto Padrão,2024-05-01,3059129.0,2054536.0,3932473.0,287521.0,5113665.0,4219994.0,893671.0
EMP009,Insígnia Alto da Lapa,Alto da Lapa,em_obra,Alto Padrão,2024-06-01,2823830.0,2054536.0,4015104.0,287521.0,4878366.0,4302625.0,575741.0
EMP009,Insígnia Alto da Lapa,Alto da Lapa,em_obra,Alto Padrão,2024-07-01,2587817.0,2054536.0,4074740.0,287521.0,4642354.0,4362261.0,280092.0
EMP009,Insígnia Alto da Lapa,Alto da Lapa,em_obra,Alto Padrão,2024-08-01,2354415.0,2054536.0,4110600.0,287521.0,4408951.0,4398121.0,10830.0
EMP009,Insígnia Alto da Lapa,Alto da Lapa,em_obra,Alto Padrão,2024-09-01,2126605.0,2054536.0,4122302.0,287521.0,4181141.0,4409823.0,-228682.0
EMP009,Insígnia Alto da Lapa,Alto da Lapa,em_obra,Alto Padrão,2024-10-01,1906975.0,2054536.0,4109871.0,287521.0,3961511.0,4397392.0,-435881.0
EMP009,Insígnia Alto da Lapa,Alto da Lapa,em_obra,Alto Padrão,2024-11-01,1697687.0,2054536.0,4073733.0,287521.0,3752223.0,4361255.0,-609032.0
EMP009,Insígnia Alto da Lapa,Alto da Lapa,em_obra,Alto Padrão,2024-12-01,1500460.0,2054536.0,4014703.0,287521.0,3554996.0,4302224.0,-747228.0
EMP009,Insígnia Alto da Lapa,Alto da Lapa,em_obra,Alto Padrão,2025-01-01,1316575.0,2054536.0,3933952.0,287521.0,3371112.0,4221473.0,-850361.0
EMP009,Insígnia Alto da Lapa,Alto da Lapa,em_obra,Alto Padrão,2025-02-01,1146889.0,0.0,3832979.0,287521.0,1146889.0,4120500.0,-2973612.0
EMP009,Insígnia Alto da Lapa,Alto da Lapa,em_obra,Alto Padrão,2025-03-01,991862.0,0.0,3713567.0,287521.0,991862.0,4001088.0,-3009226.0
EMP009,Insígnia Alto da Lapa,Alto da Lapa,em_obra,Alto Padrão,2025-04-01,851600.0,0.0,3577731.0,287521.0,851600.0,3865252.0,-3013652.0
EMP009,Insígnia Alto da Lapa,Alto da Lapa,em_obra,Alto Padrão,2025-05-01,725896.0,0.0,3427669.0,287521.0,725896.0,3715190.0,-2989295.0
EMP009,Insígnia Alto da Lapa,Alto da Lapa,em_obra,Alto Padrão,2025-06-01,614281.0,0.0,3265707.0,287521.0,614281.0,3553228.0,-2938947.0
EMP009,Insígnia Alto da Lapa,Alto da Lapa,em_obra,Alto Padrão,2025-07-01,516077.0,0.0,3094239.0,287521.0,516077.0,3381760.0,-2865683.0
EMP009,Insígnia Alto da Lapa,Alto da Lapa,em_obra,Alto Padrão,2025-08-01,430444.0,0.0,2915676.0,287521.0,430444.0,3203197.0,-2772753.0
EMP009,Insígnia Alto da Lapa,Alto da Lapa,em_obra,Alto Padrão,2025-09-01,356429.0,0.0,2732393.0,287521.0,356429.0,3019914.0,-2663485.0
EMP009,Insígnia Alto da Lapa,Alto da Lapa,em_obra,Alto Padrão,2025-10-01,293011.0,0.0,2546681.0,287521.0,293011.0,2834202.0,-2541192.0
EMP009,Insígnia Alto da Lapa,Alto da Lapa,em_obra,Alto Padrão,2025-11-01,239138.0,0.0,2360707.0,287521.0,239138.0,2648228.0,-2409090.0
EMP009,Insígnia Alto da Lapa,Alto da Lapa,em_obra,Alto Padrão,2025-12-01,193761.0,0.0,2176474.0,287521.0,193761.0,2463995.0,-2270234.0
EMP010,Inside Chácara Klabin,Chácara Klabin,em_obra,Smart,2022-05-01,540223.0,0.0,0.0,178010.0,540223.0,178010.0,362212.0
EMP010,Inside Chácara Klabin,Chácara Klabin,em_obra,Smart,2022-06-01,606381.0,0.0,20625.0,178010.0,606381.0,198635.0,407746.0
EMP010,Inside Chácara Klabin,Chácara Klabin,em_obra,Smart,2022-07-01,675730.0,0.0,40589.0,178010.0,675730.0,218599.0,457130.0
EMP010,Inside Chácara Klabin,Chácara Klabin,em_obra,Smart,2022-08-01,747575.0,0.0,63137.0,178010.0,747575.0,241148.0,506427.0
EMP010,Inside Chácara Klabin,Chácara Klabin,em_obra,Smart,2022-09-01,821090.0,0.0,88932.0,178010.0,821090.0,266943.0,554147.0
EMP010,Inside Chácara Klabin,Chácara Klabin,em_obra,Smart,2022-10-01,895325.0,0.0,118366.0,178010.0,895325.0,296376.0,598949.0
EMP010,Inside Chácara Klabin,Chácara Klabin,em_obra,Smart,2022-11-01,969227.0,0.0,151714.0,178010.0,969227.0,329724.0,639503.0
EMP010,Inside Chácara Klabin,Chácara Klabin,em_obra,Smart,2022-12-01,1041657.0,0.0,189170.0,111257.0,1041657.0,300427.0,741230.0
EMP010,Inside Chácara Klabin,Chácara Klabin,em_obra,Smart,2023-01-01,1111420.0,0.0,230851.0,111257.0,1111420.0,342107.0,769313.0
EMP010,Inside Chácara Klabin,Chácara Klabin,em_obra,Smart,2023-02-01,1177297.0,0.0,276792.0,111257.0,1177297.0,388049.0,789248.0
EMP010,Inside Chácara Klabin,Chácara Klabin,em_obra,Smart,2023-03-01,1238078.0,0.0,326946.0,111257.0,1238078.0,438202.0,799876.0
EMP010,Inside Chácara Klabin,Chácara Klabin,em_obra,Smart,2023-04-01,1292602.0,0.0,381172.0,111257.0,1292602.0,492429.0,800173.0
EMP010,Inside Chácara Klabin,Chácara Klabin,em_obra,Smart,2023-05-01,1339787.0,700252.0,439237.0,111257.0,2040038.0,550494.0,1489544.0
EMP010,Inside Chácara Klabin,Chácara Klabin,em_obra,Smart,2023-06-01,1378672.0,700252.0,500809.0,111257.0,2078923.0,612065.0,1466858.0
EMP010,Inside Chácara Klabin,Chácara Klabin,em_obra,Smart,2023-07-01,1408447.0,700252.0,565455.0,111257.0,2108698.0,676711.0,1431987.0
EMP010,Inside Chácara Klabin,Chácara Klabin,em_obra,Smart,2023-08-01,1428481.0,700252.0,632648.0,111257.0,2128733.0,743904.0,1384828.0
EMP010,Inside Chácara Klabin,Chácara Klabin,em_obra,Smart,2023-09-01,1438344.0,700252.0,701769.0,111257.0,2138596.0,813026.0,1325570.0
EMP010,Inside Chácara Klabin,Chácara Klabin,em_obra,Smart,2023-10-01,1437823.0,700252.0,772115.0,111257.0,2138075.0,883372.0,1254703.0
EMP010,Inside Chácara Klabin,Chácara Klabin,em_obra,Smart,2023-11-01,1426930.0,700252.0,842910.0,111257.0,2127181.0,954167.0,1173015.0
EMP010,Inside Chácara Klabin,Chácara Klabin,em_obra,Smart,2023-12-01,1405899.0,700252.0,913318.0,111257.0,2106150.0,1024575.0,1081576.0
EMP010,Inside Chácara Klabin,Chácara Klabin,em_obra,Smart,2024-01-01,1375181.0,700252.0,982459.0,111257.0,2075433.0,1093716.0,981717.0
EMP010,Inside Chácara Klabin,Chácara Klabin,em_obra,Smart,2024-02-01,1335427.0,700252.0,1049429.0,111257.0,2035678.0,1160685.0,874993.0
EMP010,Inside Chácara Klabin,Chácara Klabin,em_obra,Smart,2024-03-01,1287463.0,700252.0,1113315.0,111257.0,1987714.0,1224572.0,763142.0
EMP010,Inside Chácara Klabin,Chácara Klabin,em_obra,Smart,2024-04-01,1232263.0,700252.0,1173222.0,111257.0,1932515.0,1284479.0,648036.0
EMP010,Inside Chácara Klabin,Chácara Klabin,em_obra,Smart,2024-05-01,1170919.0,700252.0,1228289.0,111257.0,1871170.0,1339545.0,531625.0
EMP010,Inside Chácara Klabin,Chácara Klabin,em_obra,Smart,2024-06-01,1104598.0,700252.0,1277711.0,111257.0,1804850.0,1388967.0,415883.0
EMP010,Inside Chácara Klabin,Chácara Klabin,em_obra,Smart,2024-07-01,1034514.0,700252.0,1320760.0,111257.0,1734766.0,1432016.0,302749.0
EMP010,Inside Chácara Klabin,Chácara Klabin,em_obra,Smart,2024-08-01,961884.0,700252.0,1356801.0,111257.0,1662136.0,1468058.0,194078.0
EMP010,Inside Chácara Klabin,Chácara Klabin,em_obra,Smart,2024-09-01,887899.0,700252.0,1385311.0,111257.0,1588150.0,1496567.0,91583.0
EMP010,Inside Chácara Klabin,Chácara Klabin,em_obra,Smart,2024-10-01,813689.0,700252.0,1405887.0,111257.0,1513941.0,1517143.0,-3203.0
EMP010,Inside Chácara Klabin,Chácara Klabin,em_obra,Smart,2024-11-01,740300.0,700252.0,1418259.0,111257.0,1440552.0,1529516.0,-88964.0
EMP010,Inside Chácara Klabin,Chácara Klabin,em_obra,Smart,2024-12-01,668670.0,700252.0,1422297.0,111257.0,1368921.0,1533553.0,-164632.0
EMP010,Inside Chácara Klabin,Chácara Klabin,em_obra,Smart,2025-01-01,599611.0,700252.0,1418008.0,111257.0,1299863.0,1529264.0,-229401.0
EMP010,Inside Chácara Klabin,Chácara Klabin,em_obra,Smart,2025-02-01,533805.0,700252.0,1405539.0,111257.0,1234056.0,1516796.0,-282740.0
EMP010,Inside Chácara Klabin,Chácara Klabin,em_obra,Smart,2025-03-01,471791.0,700252.0,1385172.0,111257.0,1172042.0,1496429.0,-324387.0
EMP010,Inside Chácara Klabin,Chácara Klabin,em_obra,Smart,2025-04-01,413972.0,700252.0,1357311.0,111257.0,1114223.0,1468568.0,-354345.0
EMP010,Inside Chácara Klabin,Chácara Klabin,em_obra,Smart,2025-05-01,360617.0,0.0,1322473.0,111257.0,360617.0,1433730.0,-1073113.0
EMP010,Inside Chácara Klabin,Chácara Klabin,em_obra,Smart,2025-06-01,311872.0,0.0,1281273.0,111257.0,311872.0,1392529.0,-1080658.0
EMP010,Inside Chácara Klabin,Chácara Klabin,em_obra,Smart,2025-07-01,267769.0,0.0,1234406.0,111257.0,267769.0,1345663.0,-1077893.0
EMP010,Inside Chácara Klabin,Chácara Klabin,em_obra,Smart,2025-08-01,228244.0,0.0,1182631.0,111257.0,228244.0,1293888.0,-1065644.0
EMP010,Inside Chácara Klabin,Chácara Klabin,em_obra,Smart,2025-09-01,193149.0,0.0,1126750.0,111257.0,193149.0,1238007.0,-1044858.0
EMP010,Inside Chácara Klabin,Chácara Klabin,em_obra,Smart,2025-10-01,162271.0,0.0,1067589.0,111257.0,162271.0,1178846.0,-1016575.0
EMP010,Inside Chácara Klabin,Chácara Klabin,em_obra,Smart,2025-11-01,135345.0,0.0,1005981.0,111257.0,135345.0,1117237.0,-981892.0
EMP010,Inside Chácara Klabin,Chácara Klabin,em_obra,Smart,2025-12-01,112072.0,0.0,942743.0,111257.0,112072.0,1054000.0,-941928.0
EMP010,Inside Chácara Klabin,Chácara Klabin,em_obra,Smart,2026-01-01,92132.0,0.0,878668.0,111257.0,92132.0,989925.0,-897793.0
EMP010,Inside Chácara Klabin,Chácara Klabin,em_obra,Smart,2026-02-01,75192.0,0.0,814503.0,111257.0,75192.0,925759.0,-850567.0
EMP010,Inside Chácara Klabin,Chácara Klabin,em_obra,Smart,2026-03-01,60925.0,0.0,750938.0,111257.0,60925.0,862194.0,-801270.0
EMP011,Loomi Chácara Sto. Antônio,Chácara Sto. Antônio,em_obra,Alto Padrão,2022-09-01,1355122.0,0.0,0.0,417710.0,1355122.0,417710.0,937412.0
EMP011,Loomi Chácara Sto. Antônio,Chácara Sto. Antônio,em_obra,Alto Padrão,2022-10-01,1532702.0,0.0,45498.0,417710.0,1532702.0,463208.0,1069494.0
EMP011,Loomi Chácara Sto. Antônio,Chácara Sto. Antônio,em_obra,Alto Padrão,2022-11-01,1719285.0,0.0,90239.0,417710.0,1719285.0,507949.0,1211336.0
EMP011,Loomi Chácara Sto. Antônio,Chácara Sto. Antônio,em_obra,Alto Padrão,2022-12-01,1912708.0,0.0,141369.0,417710.0,1912708.0,559079.0,1353629.0
EMP011,Loomi Chácara Sto. Antônio,Chácara Sto. Antônio,em_obra,Alto Padrão,2023-01-01,2110378.0,0.0,200401.0,417710.0,2110378.0,618111.0,1492267.0
EMP011,Loomi Chácara Sto. Antônio,Chácara Sto. Antônio,em_obra,Alto Padrão,2023-02-01,2309312.0,0.0,268244.0,417710.0,2309312.0,685954.0,1623358.0
EMP011,Loomi Chácara Sto. Antônio,Chácara Sto. Antônio,em_obra,Alto Padrão,2023-03-01,2506200.0,0.0,345529.0,261069.0,2506200.0,606598.0,1899602.0
EMP011,Loomi Chácara Sto. Antônio,Chácara Sto. Antônio,em_obra,Alto Padrão,2023-04-01,2697489.0,0.0,432673.0,261069.0,2697489.0,693742.0,2003748.0
EMP011,Loomi Chácara Sto. Antônio,Chácara Sto. Antônio,em_obra,Alto Padrão,2023-05-01,2879483.0,0.0,529881.0,261069.0,2879483.0,790950.0,2088533.0
EMP011,Loomi Chácara Sto. Antônio,Chácara Sto. Antônio,em_obra,Alto Padrão,2023-06-01,3048457.0,0.0,637137.0,261069.0,3048457.0,898205.0,2150252.0
EMP011,Loomi Chácara Sto. Antônio,Chácara Sto. Antônio,em_obra,Alto Padrão,2023-07-01,3200784.0,0.0,754186.0,261069.0,3200784.0,1015255.0,2185530.0
EMP011,Loomi Chácara Sto. Antônio,Chácara Sto. Antônio,em_obra,Alto Padrão,2023-08-01,3333063.0,1233794.0,880521.0,261069.0,4566857.0,1141590.0,3425267.0
EMP011,Loomi Chácara Sto. Antônio,Chácara Sto. Antônio,em_obra,Alto Padrão,2023-09-01,3442243.0,1233794.0,1015373.0,261069.0,4676036.0,1276442.0,3399595.0
EMP011,Loomi Chácara Sto. Antônio,Chácara Sto. Antônio,em_obra,Alto Padrão,2023-10-01,3525739.0,1233794.0,1157704.0,261069.0,4759533.0,1418773.0,3340760.0
EMP011,Loomi Chácara Sto. Antônio,Chácara Sto. Antônio,em_obra,Alto Padrão,2023-11-01,3581539.0,1233794.0,1306216.0,261069.0,4815333.0,1567285.0,3248048.0
EMP011,Loomi Chácara Sto. Antônio,Chácara Sto. Antônio,em_obra,Alto Padrão,2023-12-01,3608278.0,1233794.0,1459362.0,261069.0,4842072.0,1720431.0,3121641.0
EMP011,Loomi Chácara Sto. Antônio,Chácara Sto. Antônio,em_obra,Alto Padrão,2024-01-01,3605297.0,1233794.0,1615366.0,261069.0,4839091.0,1876434.0,2962656.0
EMP011,Loomi Chácara Sto. Antônio,Chácara Sto. Antônio,em_obra,Alto Padrão,2024-02-01,3572670.0,1233794.0,1772255.0,261069.0,4806464.0,2033324.0,2773140.0
EMP011,Loomi Chácara Sto. Antônio,Chácara Sto. Antônio,em_obra,Alto Padrão,2024-03-01,3511200.0,1233794.0,1927902.0,261069.0,4744994.0,2188971.0,2556023.0
EMP011,Loomi Chácara Sto. Antônio,Chácara Sto. Antônio,em_obra,Alto Padrão,2024-04-01,3422386.0,1233794.0,2080066.0,261069.0,4656180.0,2341135.0,2315045.0
EMP011,Loomi Chácara Sto. Antônio,Chácara Sto. Antônio,em_obra,Alto Padrão,2024-05-01,3308364.0,1233794.0,2226450.0,261069.0,4542158.0,2487519.0,2054638.0
EMP011,Loomi Chácara Sto. Antônio,Chácara Sto. Antônio,em_obra,Alto Padrão,2024-06-01,3171818.0,1233794.0,2364758.0,261069.0,4405612.0,2625827.0,1779785.0
EMP011,Loomi Chácara Sto. Antônio,Chácara Sto. Antônio,em_obra,Alto Padrão,2024-07-01,3015880.0,1233794.0,2492753.0,261069.0,4249674.0,2753822.0,1495853.0
EMP011,Loomi Chácara Sto. Antônio,Chácara Sto. Antônio,em_obra,Alto Padrão,2024-08-01,2844007.0,1233794.0,2608318.0,261069.0,4077801.0,2869387.0,1208414.0
EMP011,Loomi Chácara Sto. Antônio,Chácara Sto. Antônio,em_obra,Alto Padrão,2024-09-01,2659856.0,1233794.0,2709518.0,261069.0,3893650.0,2970587.0,923063.0
EMP011,Loomi Chácara Sto. Antônio,Chácara Sto. Antônio,em_obra,Alto Padrão,2024-10-01,2467154.0,1233794.0,2794650.0,261069.0,3700948.0,3055718.0,645230.0
EMP011,Loomi Chácara Sto. Antônio,Chácara Sto. Antônio,em_obra,Alto Padrão,2024-11-01,2269579.0,1233794.0,2862291.0,261069.0,3503373.0,3123360.0,380013.0
EMP011,Loomi Chácara Sto. Antônio,Chácara Sto. Antônio,em_obra,Alto Padrão,2024-12-01,2070642.0,1233794.0,2911343.0,261069.0,3304436.0,3172411.0,132024.0
EMP011,Loomi Chácara Sto. Antônio,Chácara Sto. Antônio,em_obra,Alto Padrão,2025-01-01,1873594.0,1233794.0,2941057.0,261069.0,3107388.0,3202126.0,-94738.0
EMP011,Loomi Chácara Sto. Antônio,Chácara Sto. Antônio,em_obra,Alto Padrão,2025-02-01,1681345.0,1233794.0,2951057.0,261069.0,2915139.0,3212126.0,-296987.0
EMP011,Loomi Chácara Sto. Antônio,Chácara Sto. Antônio,em_obra,Alto Padrão,2025-03-01,1496405.0,1233794.0,2941345.0,261069.0,2730198.0,3202414.0,-472215.0
EMP011,Loomi Chácara Sto. Antônio,Chácara Sto. Antônio,em_obra,Alto Padrão,2025-04-01,1320845.0,1233794.0,2912296.0,261069.0,2554639.0,3173365.0,-618726.0
EMP011,Loomi Chácara Sto. Antônio,Chácara Sto. Antônio,em_obra,Alto Padrão,2025-05-01,1156287.0,1233794.0,2864645.0,261069.0,2390081.0,3125714.0,-735633.0
EMP011,Loomi Chácara Sto. Antônio,Chácara Sto. Antônio,em_obra,Alto Padrão,2025-06-01,1003899.0,1233794.0,2799460.0,261069.0,2237693.0,3060528.0,-822835.0
EMP011,Loomi Chácara Sto. Antônio,Chácara Sto. Antônio,em_obra,Alto Padrão,2025-07-01,864421.0,0.0,2718103.0,261069.0,864421.0,2979172.0,-2114750.0
EMP011,Loomi Chácara Sto. Antônio,Chácara Sto. Antônio,em_obra,Alto Padrão,2025-08-01,738196.0,0.0,2622191.0,261069.0,738196.0,2883260.0,-2145064.0
EMP011,Loomi Chácara Sto. Antônio,Chácara Sto. Antônio,em_obra,Alto Padrão,2025-09-01,625214.0,0.0,2513545.0,261069.0,625214.0,2774613.0,-2149400.0
EMP011,Loomi Chácara Sto. Antônio,Chácara Sto. Antônio,em_obra,Alto Padrão,2025-10-01,525165.0,0.0,2394132.0,261069.0,525165.0,2655201.0,-2130036.0
EMP011,Loomi Chácara Sto. Antônio,Chácara Sto. Antônio,em_obra,Alto Padrão,2025-11-01,437496.0,0.0,2266018.0,261069.0,437496.0,2527086.0,-2089590.0
EMP011,Loomi Chácara Sto. Antônio,Chácara Sto. Antônio,em_obra,Alto Padrão,2025-12-01,361463.0,0.0,2131303.0,261069.0,361463.0,2392372.0,-2030909.0
EMP011,Loomi Chácara Sto. Antônio,Chácara Sto. Antônio,em_obra,Alto Padrão,2026-01-01,296185.0,0.0,1992077.0,261069.0,296185.0,2253146.0,-1956961.0
EMP011,Loomi Chácara Sto. Antônio,Chácara Sto. Antônio,em_obra,Alto Padrão,2026-02-01,240699.0,0.0,1850365.0,261069.0,240699.0,2111434.0,-1870735.0
EMP011,Loomi Chácara Sto. Antônio,Chácara Sto. Antônio,em_obra,Alto Padrão,2026-03-01,193998.0,0.0,1708085.0,261069.0,193998.0,1969153.0,-1775156.0
EMP011,Loomi Chácara Sto. Antônio,Chácara Sto. Antônio,em_obra,Alto Padrão,2026-04-01,155070.0,0.0,1567010.0,261069.0,155070.0,1828079.0,-1673009.0
EMP012,Verdi Aclimação,Aclimação,em_obra,Premium,2023-01-01,765883.0,0.0,0.0,228946.0,765883.0,228946.0,536936.0
EMP012,Verdi Aclimação,Aclimação,em_obra,Premium,2023-02-01,876581.0,0.0,33858.0,228946.0,876581.0,262805.0,613776.0
EMP012,Verdi Aclimação,Aclimação,em_obra,Premium,2023-03-01,993296.0,0.0,67970.0,228946.0,993296.0,296916.0,696380.0
EMP012,Verdi Aclimação,Aclimação,em_obra,Premium,2023-04-01,1114353.0,0.0,107647.0,228946.0,1114353.0,336593.0,777760.0
EMP012,Verdi Aclimação,Aclimação,em_obra,Premium,2023-05-01,1237723.0,0.0,154080.0,228946.0,1237723.0,383026.0,854697.0
EMP012,Verdi Aclimação,Aclimação,em_obra,Premium,2023-06-01,1361073.0,0.0,207995.0,228946.0,1361073.0,436941.0,924132.0
EMP012,Verdi Aclimação,Aclimação,em_obra,Premium,2023-07-01,1481824.0,0.0,269874.0,143091.0,1481824.0,412965.0,1068858.0
EMP012,Verdi Aclimação,Aclimação,em_obra,Premium,2023-08-01,1597234.0,0.0,339989.0,143091.0,1597234.0,483081.0,1114153.0
EMP012,Verdi Aclimação,Aclimação,em_obra,Premium,2023-09-01,1704503.0,0.0,418398.0,143091.0,1704503.0,561490.0,1143013.0
EMP012,Verdi Aclimação,Aclimação,em_obra,Premium,2023-10-01,1800877.0,0.0,504925.0,143091.0,1800877.0,648017.0,1152860.0
EMP012,Verdi Aclimação,Aclimação,em_obra,Premium,2023-11-01,1883767.0,836483.0,599146.0,143091.0,2720250.0,742237.0,1978013.0
EMP012,Verdi Aclimação,Aclimação,em_obra,Premium,2023-12-01,1950866.0,836483.0,700374.0,143091.0,2787349.0,843465.0,1943885.0
EMP012,Verdi Aclimação,Aclimação,em_obra,Premium,2024-01-01,2000253.0,836483.0,807659.0,143091.0,2836736.0,950750.0,1885986.0
EMP012,Verdi Aclimação,Aclimação,em_obra,Premium,2024-02-01,2030483.0,836483.0,919791.0,143091.0,2866966.0,1062882.0,1804084.0
EMP012,Verdi Aclimação,Aclimação,em_obra,Premium,2024-03-01,2040661.0,836483.0,1035314.0,143091.0,2877144.0,1178405.0,1698738.0
EMP012,Verdi Aclimação,Aclimação,em_obra,Premium,2024-04-01,2030483.0,836483.0,1152556.0,143091.0,2866966.0,1295648.0,1571318.0
EMP012,Verdi Aclimação,Aclimação,em_obra,Premium,2024-05-01,2000253.0,836483.0,1269664.0,143091.0,2836736.0,1412755.0,1423981.0
EMP012,Verdi Aclimação,Aclimação,em_obra,Premium,2024-06-01,1950866.0,836483.0,1384649.0,143091.0,2787349.0,1527740.0,1259610.0
EMP012,Verdi Aclimação,Aclimação,em_obra,Premium,2024-07-01,1883767.0,836483.0,1495444.0,143091.0,2720250.0,1638535.0,1081715.0
EMP012,Verdi Aclimação,Aclimação,em_obra,Premium,2024-08-01,1800877.0,836483.0,1599966.0,143091.0,2637360.0,1743057.0,894302.0
EMP012,Verdi Aclimação,Aclimação,em_obra,Premium,2024-09-01,1704503.0,836483.0,1696179.0,143091.0,2540986.0,1839270.0,701716.0
EMP012,Verdi Aclimação,Aclimação,em_obra,Premium,2024-10-01,1597234.0,836483.0,1782162.0,143091.0,2433717.0,1925253.0,508464.0
EMP012,Verdi Aclimação,Aclimação,em_obra,Premium,2024-11-01,1481824.0,836483.0,1856170.0,143091.0,2318307.0,1999261.0,319045.0
EMP012,Verdi Aclimação,Aclimação,em_obra,Premium,2024-12-01,1361073.0,836483.0,1916699.0,143091.0,2197556.0,2059790.0,137766.0
EMP012,Verdi Aclimação,Aclimação,em_obra,Premium,2025-01-01,1237723.0,836483.0,1962532.0,143091.0,2074206.0,2105623.0,-31417.0
EMP012,Verdi Aclimação,Aclimação,em_obra,Premium,2025-02-01,1114353.0,836483.0,1992782.0,143091.0,1950836.0,2135874.0,-185038.0
EMP012,Verdi Aclimação,Aclimação,em_obra,Premium,2025-03-01,993296.0,836483.0,2006923.0,143091.0,1829779.0,2150015.0,-320236.0
EMP012,Verdi Aclimação,Aclimação,em_obra,Premium,2025-04-01,876581.0,836483.0,2004802.0,143091.0,1713064.0,2147893.0,-434829.0
EMP012,Verdi Aclimação,Aclimação,em_obra,Premium,2025-05-01,765883.0,836483.0,1986640.0,143091.0,1602366.0,2129731.0,-527366.0
EMP012,Verdi Aclimação,Aclimação,em_obra,Premium,2025-06-01,662505.0,836483.0,1953024.0,143091.0,1498989.0,2096115.0,-597127.0
EMP012,Verdi Aclimação,Aclimação,em_obra,Premium,2025-07-01,567380.0,836483.0,1904876.0,143091.0,1403863.0,2047967.0,-644105.0
EMP012,Verdi Aclimação,Aclimação,em_obra,Premium,2025-08-01,481078.0,0.0,1843417.0,143091.0,481078.0,1986508.0,-1505431.0
EMP012,Verdi Aclimação,Aclimação,em_obra,Premium,2025-09-01,403844.0,0.0,1770121.0,143091.0,403844.0,1913212.0,-1509368.0
EMP012,Verdi Aclimação,Aclimação,em_obra,Premium,2025-10-01,335637.0,0.0,1686657.0,143091.0,335637.0,1829748.0,-1494112.0
EMP012,Verdi Aclimação,Aclimação,em_obra,Premium,2025-11-01,276173.0,0.0,1594834.0,143091.0,276173.0,1737925.0,-1461752.0
EMP012,Verdi Aclimação,Aclimação,em_obra,Premium,2025-12-01,224984.0,0.0,1496538.0,143091.0,224984.0,1639629.0,-1414645.0
EMP012,Verdi Aclimação,Aclimação,em_obra,Premium,2026-01-01,181459.0,0.0,1393670.0,143091.0,181459.0,1536762.0,-1355303.0
EMP012,Verdi Aclimação,Aclimação,em_obra,Premium,2026-02-01,144898.0,0.0,1288097.0,143091.0,144898.0,1431188.0,-1286290.0
EMP012,Verdi Aclimação,Aclimação,em_obra,Premium,2026-03-01,114552.0,0.0,1181590.0,143091.0,114552.0,1324682.0,-1210130.0
EMP012,Verdi Aclimação,Aclimação,em_obra,Premium,2026-04-01,89660.0,0.0,1075793.0,143091.0,89660.0,1218885.0,-1129224.0
EMP013,Inside Brooklin II,Brooklin,em_obra,Smart,2023-04-01,604746.0,0.0,0.0,218910.0,604746.0,218910.0,385837.0
EMP013,Inside Brooklin II,Brooklin,em_obra,Smart,2023-05-01,699466.0,0.0,31618.0,218910.0,699466.0,250528.0,448938.0
EMP013,Inside Brooklin II,Brooklin,em_obra,Smart,2023-06-01,799620.0,0.0,64152.0,218910.0,799620.0,283061.0,516559.0
EMP013,Inside Brooklin II,Brooklin,em_obra,Smart,2023-07-01,903495.0,0.0,102565.0,218910.0,903495.0,321475.0,582020.0
EMP013,Inside Brooklin II,Brooklin,em_obra,Smart,2023-08-01,1009001.0,0.0,148028.0,218910.0,1009001.0,366938.0,642063.0
EMP013,Inside Brooklin II,Brooklin,em_obra,Smart,2023-09-01,1113734.0,0.0,201252.0,136819.0,1113734.0,338071.0,775664.0
EMP013,Inside Brooklin II,Brooklin,em_obra,Smart,2023-10-01,1215055.0,0.0,262681.0,136819.0,1215055.0,399500.0,815556.0
EMP013,Inside Brooklin II,Brooklin,em_obra,Smart,2023-11-01,1310191.0,0.0,332510.0,136819.0,1310191.0,469329.0,840862.0
EMP013,Inside Brooklin II,Brooklin,em_obra,Smart,2023-12-01,1396360.0,0.0,410670.0,136819.0,1396360.0,547488.0,848872.0
EMP013,Inside Brooklin II,Brooklin,em_obra,Smart,2024-01-01,1470905.0,0.0,496803.0,136819.0,1470905.0,633622.0,837284.0
EMP013,Inside Brooklin II,Brooklin,em_obra,Smart,2024-02-01,1531426.0,809308.0,590248.0,136819.0,2340734.0,727067.0,1613667.0
EMP013,Inside Brooklin II,Brooklin,em_obra,Smart,2024-03-01,1575911.0,809308.0,690031.0,136819.0,2385218.0,826849.0,1558369.0
EMP013,Inside Brooklin II,Brooklin,em_obra,Smart,2024-04-01,1602845.0,809308.0,794866.0,136819.0,2412152.0,931685.0,1480468.0
EMP013,Inside Brooklin II,Brooklin,em_obra,Smart,2024-05-01,1611297.0,809308.0,903178.0,136819.0,2420604.0,1039997.0,1380607.0
EMP013,Inside Brooklin II,Brooklin,em_obra,Smart,2024-06-01,1600973.0,809308.0,1013133.0,136819.0,2410280.0,1149951.0,1260329.0
EMP013,Inside Brooklin II,Brooklin,em_obra,Smart,2024-07-01,1572231.0,809308.0,1122683.0,136819.0,2381539.0,1259502.0,1122037.0
EMP013,Inside Brooklin II,Brooklin,em_obra,Smart,2024-08-01,1526066.0,809308.0,1229633.0,136819.0,2335373.0,1366452.0,968922.0
EMP013,Inside Brooklin II,Brooklin,em_obra,Smart,2024-09-01,1464045.0,809308.0,1331709.0,136819.0,2273352.0,1468528.0,804825.0
EMP013,Inside Brooklin II,Brooklin,em_obra,Smart,2024-10-01,1388224.0,809308.0,1426639.0,136819.0,2197532.0,1563457.0,634075.0
EMP013,Inside Brooklin II,Brooklin,em_obra,Smart,2024-11-01,1301036.0,809308.0,1512237.0,136819.0,2110343.0,1649056.0,461288.0
EMP013,Inside Brooklin II,Brooklin,em_obra,Smart,2024-12-01,1205155.0,809308.0,1586489.0,136819.0,2014463.0,1723308.0,291155.0
EMP013,Inside Brooklin II,Brooklin,em_obra,Smart,2025-01-01,1103370.0,809308.0,1647630.0,136819.0,1912677.0,1784449.0,128228.0
EMP013,Inside Brooklin II,Brooklin,em_obra,Smart,2025-02-01,998443.0,809308.0,1694217.0,136819.0,1807751.0,1831035.0,-23285.0
EMP013,Inside Brooklin II,Brooklin,em_obra,Smart,2025-03-01,892997.0,809308.0,1725181.0,136819.0,1702304.0,1862000.0,-159695.0
EMP013,Inside Brooklin II,Brooklin,em_obra,Smart,2025-04-01,789406.0,809308.0,1739876.0,136819.0,1598714.0,1876694.0,-277980.0
EMP013,Inside Brooklin II,Brooklin,em_obra,Smart,2025-05-01,689724.0,809308.0,1738094.0,136819.0,1499032.0,1874912.0,-375880.0
EMP013,Inside Brooklin II,Brooklin,em_obra,Smart,2025-06-01,595628.0,809308.0,1720073.0,136819.0,1404935.0,1856892.0,-451957.0
EMP013,Inside Brooklin II,Brooklin,em_obra,Smart,2025-07-01,508392.0,809308.0,1686481.0,136819.0,1317699.0,1823300.0,-505601.0
EMP013,Inside Brooklin II,Brooklin,em_obra,Smart,2025-08-01,428890.0,0.0,1638379.0,136819.0,428890.0,1775198.0,-1346308.0
EMP013,Inside Brooklin II,Brooklin,em_obra,Smart,2025-09-01,357617.0,0.0,1577172.0,136819.0,357617.0,1713990.0,-1356374.0
EMP013,Inside Brooklin II,Brooklin,em_obra,Smart,2025-10-01,294723.0,0.0,1504546.0,136819.0,294723.0,1641364.0,-1346641.0
EMP013,Inside Brooklin II,Brooklin,em_obra,Smart,2025-11-01,240068.0,0.0,1422397.0,136819.0,240068.0,1559215.0,-1319147.0
EMP013,Inside Brooklin II,Brooklin,em_obra,Smart,2025-12-01,193277.0,0.0,1332752.0,136819.0,193277.0,1469571.0,-1276294.0
EMP013,Inside Brooklin II,Brooklin,em_obra,Smart,2026-01-01,153797.0,0.0,1237696.0,136819.0,153797.0,1374514.0,-1220717.0
EMP013,Inside Brooklin II,Brooklin,em_obra,Smart,2026-02-01,120960.0,0.0,1139290.0,136819.0,120960.0,1276109.0,-1155149.0
EMP013,Inside Brooklin II,Brooklin,em_obra,Smart,2026-03-01,94028.0,0.0,1039512.0,136819.0,94028.0,1176330.0,-1082302.0
EMP013,Inside Brooklin II,Brooklin,em_obra,Smart,2026-04-01,72244.0,0.0,940190.0,136819.0,72244.0,1077009.0,-1004765.0
EMP014,Insígnia Perdizes,Perdizes,em_obra,Alto Padrão,2023-07-01,2024941.0,0.0,0.0,707985.0,2024941.0,707985.0,1316956.0
EMP014,Insígnia Perdizes,Perdizes,em_obra,Alto Padrão,2023-08-01,2371034.0,0.0,118090.0,707985.0,2371034.0,826076.0,1544959.0
EMP014,Insígnia Perdizes,Perdizes,em_obra,Alto Padrão,2023-09-01,2738118.0,0.0,242570.0,707985.0,2738118.0,950555.0,1787563.0
EMP014,Insígnia Perdizes,Perdizes,em_obra,Alto Padrão,2023-10-01,3118570.0,0.0,392042.0,707985.0,3118570.0,1100028.0,2018543.0
EMP014,Insígnia Perdizes,Perdizes,em_obra,Alto Padrão,2023-11-01,3503063.0,0.0,571128.0,707985.0,3503063.0,1279113.0,2223949.0
EMP014,Insígnia Perdizes,Perdizes,em_obra,Alto Padrão,2023-12-01,3880872.0,0.0,782594.0,442491.0,3880872.0,1225085.0,2655787.0
EMP014,Insígnia Perdizes,Perdizes,em_obra,Alto Padrão,2024-01-01,4240330.0,0.0,1027974.0,442491.0,4240330.0,1470465.0,2769865.0
EMP014,Insígnia Perdizes,Perdizes,em_obra,Alto Padrão,2024-02-01,4569399.0,0.0,1307574.0,442491.0,4569399.0,1750065.0,2819334.0
EMP014,Insígnia Perdizes,Perdizes,em_obra,Alto Padrão,2024-03-01,4856321.0,0.0,1620362.0,442491.0,4856321.0,2062853.0,2793469.0
EMP014,Insígnia Perdizes,Perdizes,em_obra,Alto Padrão,2024-04-01,5090317.0,2015617.0,1963866.0,442491.0,7105934.0,2406357.0,4699577.0
EMP014,Insígnia Perdizes,Perdizes,em_obra,Alto Padrão,2024-05-01,5262247.0,2015617.0,2334111.0,442491.0,7277864.0,2776602.0,4501262.0
EMP014,Insígnia Perdizes,Perdizes,em_obra,Alto Padrão,2024-06-01,5365208.0,2015617.0,2725617.0,442491.0,7380826.0,3168108.0,4212718.0
EMP014,Insígnia Perdizes,Perdizes,em_obra,Alto Padrão,2024-07-01,5394994.0,2015617.0,3131488.0,442491.0,7410612.0,3573979.0,3836633.0
EMP014,Insígnia Perdizes,Perdizes,em_obra,Alto Padrão,2024-08-01,5350377.0,2015617.0,3543570.0,442491.0,7365994.0,3986061.0,3379933.0
EMP014,Insígnia Perdizes,Perdizes,em_obra,Alto Padrão,2024-09-01,5233194.0,2015617.0,3952712.0,442491.0,7248811.0,4395203.0,2853608.0
EMP014,Insígnia Perdizes,Perdizes,em_obra,Alto Padrão,2024-10-01,5048219.0,2015617.0,4349084.0,442491.0,7063837.0,4791575.0,2272261.0
EMP014,Insígnia Perdizes,Perdizes,em_obra,Alto Padrão,2024-11-01,4802846.0,2015617.0,4722572.0,442491.0,6818463.0,5165063.0,1653400.0
EMP014,Insígnia Perdizes,Perdizes,em_obra,Alto Padrão,2024-12-01,4506590.0,2015617.0,5063201.0,442491.0,6522207.0,5505692.0,1016515.0
EMP014,Insígnia Perdizes,Perdizes,em_obra,Alto Padrão,2025-01-01,4170484.0,2015617.0,5361586.0,442491.0,6186101.0,5804076.0,382025.0
EMP014,Insígnia Perdizes,Perdizes,em_obra,Alto Padrão,2025-02-01,3806395.0,2015617.0,5609356.0,442491.0,5822013.0,6051847.0,-229834.0
EMP014,Insígnia Perdizes,Perdizes,em_obra,Alto Padrão,2025-03-01,3426339.0,2015617.0,5799555.0,442491.0,5441956.0,6242046.0,-800089.0
EMP014,Insígnia Perdizes,Perdizes,em_obra,Alto Padrão,2025-04-01,3041836.0,2015617.0,5926965.0,442491.0,5057453.0,6369456.0,-1312003.0
EMP014,Insígnia Perdizes,Perdizes,em_obra,Alto Padrão,2025-05-01,2663362.0,2015617.0,5988348.0,442491.0,4678979.0,6430839.0,-1751859.0
EMP014,Insígnia Perdizes,Perdizes,em_obra,Alto Padrão,2025-06-01,2299925.0,2015617.0,5982584.0,442491.0,4315542.0,6425075.0,-2109533.0
EMP014,Insígnia Perdizes,Perdizes,em_obra,Alto Padrão,2025-07-01,1958782.0,2015617.0,5910699.0,442491.0,3974399.0,6353190.0,-2378791.0
EMP014,Insígnia Perdizes,Perdizes,em_obra,Alto Padrão,2025-08-01,1645309.0,2015617.0,5775783.0,442491.0,3660926.0,6218274.0,-2557348.0
EMP014,Insígnia Perdizes,Perdizes,em_obra,Alto Padrão,2025-09-01,1363007.0,0.0,5582803.0,442491.0,1363007.0,6025294.0,-4662287.0
EMP014,Insígnia Perdizes,Perdizes,em_obra,Alto Padrão,2025-10-01,1113621.0,0.0,5338326.0,442491.0,1113621.0,5780817.0,-4667196.0
EMP014,Insígnia Perdizes,Perdizes,em_obra,Alto Padrão,2025-11-01,897358.0,0.0,5050177.0,442491.0,897358.0,5492668.0,-4595310.0
EMP014,Insígnia Perdizes,Perdizes,em_obra,Alto Padrão,2025-12-01,713154.0,0.0,4727053.0,442491.0,713154.0,5169543.0,-4456389.0
EMP014,Insígnia Perdizes,Perdizes,em_obra,Alto Padrão,2026-01-01,558972.0,0.0,4378109.0,442491.0,558972.0,4820600.0,-4261628.0
EMP014,Insígnia Perdizes,Perdizes,em_obra,Alto Padrão,2026-02-01,432101.0,0.0,4012566.0,442491.0,432101.0,4455056.0,-4022955.0
EMP014,Insígnia Perdizes,Perdizes,em_obra,Alto Padrão,2026-03-01,329435.0,0.0,3639332.0,442491.0,329435.0,4081823.0,-3752388.0
EMP014,Insígnia Perdizes,Perdizes,em_obra,Alto Padrão,2026-04-01,247710.0,0.0,3266687.0,442491.0,247710.0,3709178.0,-3461468.0
EMP015,Classic Jundiaí,Jundiaí,em_obra,Alto Padrão,2023-10-01,1194673.0,0.0,0.0,313969.0,1194673.0,313969.0,880705.0
EMP015,Classic Jundiaí,Jundiaí,em_obra,Alto Padrão,2023-11-01,1419342.0,0.0,59154.0,313969.0,1419342.0,373123.0,1046219.0
EMP015,Classic Jundiaí,Jundiaí,em_obra,Alto Padrão,2023-12-01,1658418.0,0.0,123279.0,313969.0,1658418.0,437248.0,1221171.0
EMP015,Classic Jundiaí,Jundiaí,em_obra,Alto Padrão,2024-01-01,1905770.0,0.0,201755.0,313969.0,1905770.0,515723.0,1390047.0
EMP015,Classic Jundiaí,Jundiaí,em_obra,Alto Padrão,2024-02-01,2153854.0,0.0,297039.0,196230.0,2153854.0,493269.0,1660585.0
EMP015,Classic Jundiaí,Jundiaí,em_obra,Alto Padrão,2024-03-01,2394039.0,0.0,410543.0,196230.0,2394039.0,606774.0,1787265.0
EMP015,Classic Jundiaí,Jundiaí,em_obra,Alto Padrão,2024-04-01,2617071.0,0.0,542875.0,196230.0,2617071.0,739106.0,1877965.0
EMP015,Classic Jundiaí,Jundiaí,em_obra,Alto Padrão,2024-05-01,2813644.0,0.0,693797.0,196230.0,2813644.0,890028.0,1923616.0
EMP015,Classic Jundiaí,Jundiaí,em_obra,Alto Padrão,2024-06-01,2975034.0,1355313.0,862144.0,196230.0,4330348.0,1058374.0,3271973.0
EMP015,Classic Jundiaí,Jundiaí,em_obra,Alto Padrão,2024-07-01,3093742.0,1355313.0,1045765.0,196230.0,4449056.0,1241996.0,3207060.0
EMP015,Classic Jundiaí,Jundiaí,em_obra,Alto Padrão,2024-08-01,3164067.0,1355313.0,1241513.0,196230.0,4519380.0,1437743.0,3081637.0
EMP015,Classic Jundiaí,Jundiaí,em_obra,Alto Padrão,2024-09-01,3182558.0,1355313.0,1445290.0,196230.0,4537872.0,1641520.0,2896351.0
EMP015,Classic Jundiaí,Jundiaí,em_obra,Alto Padrão,2024-10-01,3148302.0,1355313.0,1652168.0,196230.0,4503616.0,1848398.0,2655217.0
EMP015,Classic Jundiaí,Jundiaí,em_obra,Alto Padrão,2024-11-01,3062991.0,1355313.0,1856568.0,196230.0,4418304.0,2052799.0,2365506.0
EMP015,Classic Jundiaí,Jundiaí,em_obra,Alto Padrão,2024-12-01,2930788.0,1355313.0,2052506.0,196230.0,4286101.0,2248736.0,2037365.0
EMP015,Classic Jundiaí,Jundiaí,em_obra,Alto Padrão,2025-01-01,2757987.0,1355313.0,2233878.0,196230.0,4113301.0,2430108.0,1683193.0
EMP015,Classic Jundiaí,Jundiaí,em_obra,Alto Padrão,2025-02-01,2552522.0,1355313.0,2394779.0,196230.0,3907835.0,2591009.0,1316826.0
EMP015,Classic Jundiaí,Jundiaí,em_obra,Alto Padrão,2025-03-01,2323357.0,1355313.0,2529824.0,196230.0,3678670.0,2726054.0,952616.0
EMP015,Classic Jundiaí,Jundiaí,em_obra,Alto Padrão,2025-04-01,2079849.0,1355313.0,2634447.0,196230.0,3435162.0,2830678.0,604484.0
EMP015,Classic Jundiaí,Jundiaí,em_obra,Alto Padrão,2025-05-01,1831120.0,1355313.0,2705163.0,196230.0,3186433.0,2901394.0,285040.0
EMP015,Classic Jundiaí,Jundiaí,em_obra,Alto Padrão,2025-06-01,1585518.0,1355313.0,2739759.0,196230.0,2940831.0,2935989.0,4842.0
EMP015,Classic Jundiaí,Jundiaí,em_obra,Alto Padrão,2025-07-01,1350190.0,1355313.0,2737412.0,196230.0,2705503.0,2933643.0,-228139.0
EMP015,Classic Jundiaí,Jundiaí,em_obra,Alto Padrão,2025-08-01,1130805.0,1355313.0,2698721.0,196230.0,2486119.0,2894952.0,-408833.0
EMP015,Classic Jundiaí,Jundiaí,em_obra,Alto Padrão,2025-09-01,931430.0,1355313.0,2625645.0,196230.0,2286743.0,2821875.0,-535132.0
EMP015,Classic Jundiaí,Jundiaí,em_obra,Alto Padrão,2025-10-01,754539.0,0.0,2521361.0,196230.0,754539.0,2717592.0,-1963053.0
EMP015,Classic Jundiaí,Jundiaí,em_obra,Alto Padrão,2025-11-01,601149.0,0.0,2390062.0,196230.0,601149.0,2586293.0,-1985143.0
EMP015,Classic Jundiaí,Jundiaí,em_obra,Alto Padrão,2025-12-01,471034.0,0.0,2236690.0,196230.0,471034.0,2432920.0,-1961886.0
EMP015,Classic Jundiaí,Jundiaí,em_obra,Alto Padrão,2026-01-01,362988.0,0.0,2066648.0,196230.0,362988.0,2262878.0,-1899891.0
EMP015,Classic Jundiaí,Jundiaí,em_obra,Alto Padrão,2026-02-01,275106.0,0.0,1885511.0,196230.0,275106.0,2081741.0,-1806635.0
EMP015,Classic Jundiaí,Jundiaí,em_obra,Alto Padrão,2026-03-01,205059.0,0.0,1698740.0,196230.0,205059.0,1894970.0,-1689911.0
EMP015,Classic Jundiaí,Jundiaí,em_obra,Alto Padrão,2026-04-01,150323.0,0.0,1511437.0,196230.0,150323.0,1707667.0,-1557344.0
EMP016,Infinity Perdizes,Perdizes,lancamento,Premium,2024-03-01,1777561.0,0.0,0.0,1236447.0,1777561.0,1236447.0,541115.0
EMP016,Infinity Perdizes,Perdizes,lancamento,Premium,2024-04-01,2178840.0,0.0,249787.0,1236447.0,2178840.0,1486234.0,692606.0
EMP016,Infinity Perdizes,Perdizes,lancamento,Premium,2024-05-01,2608236.0,0.0,536741.0,1236447.0,2608236.0,1773187.0,835049.0
EMP016,Infinity Perdizes,Perdizes,lancamento,Premium,2024-06-01,3049224.0,0.0,901300.0,772779.0,3049224.0,1674079.0,1375145.0
EMP016,Infinity Perdizes,Perdizes,lancamento,Premium,2024-07-01,3481390.0,0.0,1354922.0,772779.0,3481390.0,2127701.0,1353689.0
EMP016,Infinity Perdizes,Perdizes,lancamento,Premium,2024-08-01,3881833.0,0.0,1902820.0,772779.0,3881833.0,2675599.0,1206234.0
EMP016,Infinity Perdizes,Perdizes,lancamento,Premium,2024-09-01,4227093.0,0.0,2544249.0,772779.0,4227093.0,3317028.0,910064.0
EMP016,Infinity Perdizes,Perdizes,lancamento,Premium,2024-10-01,4495392.0,3808650.0,3271869.0,772779.0,8304042.0,4044648.0,4259394.0
EMP016,Infinity Perdizes,Perdizes,lancamento,Premium,2024-11-01,4668896.0,3808650.0,4071270.0,772779.0,8477546.0,4844049.0,3633497.0
EMP016,Infinity Perdizes,Perdizes,lancamento,Premium,2024-12-01,4735673.0,3808650.0,4921008.0,772779.0,8544323.0,5693788.0,2850536.0
EMP016,Infinity Perdizes,Perdizes,lancamento,Premium,2025-01-01,4691050.0,3808650.0,5793273.0,772779.0,8499700.0,6566052.0,1933648.0
EMP016,Infinity Perdizes,Perdizes,lancamento,Premium,2025-02-01,4538154.0,3808650.0,6655239.0,772779.0,8346804.0,7428018.0,918786.0
EMP016,Infinity Perdizes,Perdizes,lancamento,Premium,2025-03-01,4287551.0,3808650.0,7471052.0,772779.0,8096200.0,8243831.0,-147631.0
EMP016,Infinity Perdizes,Perdizes,lancamento,Premium,2025-04-01,3956035.0,3808650.0,8204279.0,772779.0,7764685.0,8977058.0,-1212373.0
EMP016,Infinity Perdizes,Perdizes,lancamento,Premium,2025-05-01,3564773.0,3808650.0,8820614.0,772779.0,7373422.0,9593393.0,-2219971.0
EMP016,Infinity Perdizes,Perdizes,lancamento,Premium,2025-06-01,3137071.0,3808650.0,9290556.0,772779.0,6945721.0,10063335.0,-3117615.0
EMP016,Infinity Perdizes,Perdizes,lancamento,Premium,2025-07-01,2696111.0,3808650.0,9591770.0,772779.0,6504761.0,10364549.0,-3859788.0
EMP016,Infinity Perdizes,Perdizes,lancamento,Premium,2025-08-01,2262934.0,3808650.0,9710858.0,772779.0,6071584.0,10483637.0,-4412053.0
EMP016,Infinity Perdizes,Perdizes,lancamento,Premium,2025-09-01,1854928.0,3808650.0,9644371.0,772779.0,5663578.0,10417150.0,-4753572.0
EMP016,Infinity Perdizes,Perdizes,lancamento,Premium,2025-10-01,1484920.0,3808650.0,9398919.0,772779.0,5293569.0,10171698.0,-4878129.0
EMP016,Infinity Perdizes,Perdizes,lancamento,Premium,2025-11-01,1160913.0,0.0,8990417.0,772779.0,1160913.0,9763196.0,-8602283.0
EMP016,Infinity Perdizes,Perdizes,lancamento,Premium,2025-12-01,886374.0,0.0,8442553.0,772779.0,886374.0,9215332.0,-8328957.0
EMP016,Infinity Perdizes,Perdizes,lancamento,Premium,2026-01-01,660930.0,0.0,7784679.0,772779.0,660930.0,8557458.0,-7896527.0
EMP016,Infinity Perdizes,Perdizes,lancamento,Premium,2026-02-01,481299.0,0.0,7049377.0,772779.0,481299.0,7822156.0,-7340857.0
EMP016,Infinity Perdizes,Perdizes,lancamento,Premium,2026-03-01,342291.0,0.0,6269964.0,772779.0,342291.0,7042743.0,-6700452.0
EMP016,Infinity Perdizes,Perdizes,lancamento,Premium,2026-04-01,237737.0,0.0,5478193.0,772779.0,237737.0,6250972.0,-6013236.0
EMP017,Inside Perdizes,Perdizes,lancamento,Smart,2024-06-01,407140.0,0.0,0.0,439704.0,407140.0,439704.0,-32564.0
EMP017,Inside Perdizes,Perdizes,lancamento,Smart,2024-07-01,511584.0,0.0,97449.0,439704.0,511584.0,537153.0,-25569.0
EMP017,Inside Perdizes,Perdizes,lancamento,Smart,2024-08-01,623670.0,0.0,214443.0,439704.0,623670.0,654147.0,-30476.0
EMP017,Inside Perdizes,Perdizes,lancamento,Smart,2024-09-01,737662.0,0.0,367089.0,274815.0,737662.0,641904.0,95758.0
EMP017,Inside Perdizes,Perdizes,lancamento,Smart,2024-10-01,846495.0,0.0,560001.0,274815.0,846495.0,834815.0,11679.0
EMP017,Inside Perdizes,Perdizes,lancamento,Smart,2024-11-01,942444.0,0.0,794438.0,274815.0,942444.0,1069253.0,-126809.0
EMP017,Inside Perdizes,Perdizes,lancamento,Smart,2024-12-01,1018008.0,1225277.0,1068137.0,274815.0,2243285.0,1342951.0,900334.0
EMP017,Inside Perdizes,Perdizes,lancamento,Smart,2025-01-01,1066869.0,1225277.0,1374941.0,274815.0,2292147.0,1649756.0,642391.0
EMP017,Inside Perdizes,Perdizes,lancamento,Smart,2025-02-01,1084765.0,1225277.0,1704729.0,274815.0,2310043.0,1979544.0,330499.0
EMP017,Inside Perdizes,Perdizes,lancamento,Smart,2025-03-01,1070101.0,1225277.0,2043776.0,274815.0,2295379.0,2318591.0,-23213.0
EMP017,Inside Perdizes,Perdizes,lancamento,Smart,2025-04-01,1024185.0,1225277.0,2375601.0,274815.0,2249462.0,2650415.0,-400953.0
EMP017,Inside Perdizes,Perdizes,lancamento,Smart,2025-05-01,951034.0,1225277.0,2682253.0,274815.0,2176312.0,2957068.0,-780756.0
EMP017,Inside Perdizes,Perdizes,lancamento,Smart,2025-06-01,856798.0,1225277.0,2945919.0,274815.0,2082076.0,3220733.0,-1138658.0
EMP017,Inside Perdizes,Perdizes,lancamento,Smart,2025-07-01,748902.0,1225277.0,3150640.0,274815.0,1974180.0,3425454.0,-1451275.0
EMP017,Inside Perdizes,Perdizes,lancamento,Smart,2025-08-01,635092.0,1225277.0,3283922.0,274815.0,1860369.0,3558737.0,-1698368.0
EMP017,Inside Perdizes,Perdizes,lancamento,Smart,2025-09-01,522531.0,1225277.0,3338012.0,274815.0,1747808.0,3612827.0,-1865018.0
EMP017,Inside Perdizes,Perdizes,lancamento,Smart,2025-10-01,417111.0,1225277.0,3310651.0,274815.0,1642389.0,3585466.0,-1943077.0
EMP017,Inside Perdizes,Perdizes,lancamento,Smart,2025-11-01,323040.0,1225277.0,3205215.0,274815.0,1548318.0,3480030.0,-1931712.0
EMP017,Inside Perdizes,Perdizes,lancamento,Smart,2025-12-01,242731.0,0.0,3030224.0,274815.0,242731.0,3305039.0,-3062308.0
EMP017,Inside Perdizes,Perdizes,lancamento,Smart,2026-01-01,176953.0,0.0,2798314.0,274815.0,176953.0,3073128.0,-2896175.0
EMP017,Inside Perdizes,Perdizes,lancamento,Smart,2026-02-01,125157.0,0.0,2524831.0,274815.0,125157.0,2799646.0,-2674489.0
EMP017,Inside Perdizes,Perdizes,lancamento,Smart,2026-03-01,85885.0,0.0,2226264.0,274815.0,85885.0,2501079.0,-2415194.0
EMP017,Inside Perdizes,Perdizes,lancamento,Smart,2026-04-01,57180.0,0.0,1918715.0,274815.0,57180.0,2193530.0,-2136350.0
EMP018,Insígnia Itaim Bibi,Itaim Bibi,lancamento,Premium,2024-09-01,3859322.0,0.0,0.0,1924543.0,3859322.0,1924543.0,1934779.0
EMP018,Insígnia Itaim Bibi,Itaim Bibi,lancamento,Premium,2024-10-01,5005271.0,0.0,526994.0,1924543.0,5005271.0,2451537.0,2553735.0
EMP018,Insígnia Itaim Bibi,Itaim Bibi,lancamento,Premium,2024-11-01,6236952.0,0.0,1194634.0,1924543.0,6236952.0,3119177.0,3117775.0
EMP018,Insígnia Itaim Bibi,Itaim Bibi,lancamento,Premium,2024-12-01,7466987.0,0.0,2092423.0,1202839.0,7466987.0,3295263.0,4171725.0
EMP018,Insígnia Itaim Bibi,Itaim Bibi,lancamento,Premium,2025-01-01,8589080.0,0.0,3243983.0,1202839.0,8589080.0,4446822.0,4142258.0
EMP018,Insígnia Itaim Bibi,Itaim Bibi,lancamento,Premium,2025-02-01,9492401.0,5852839.0,4645376.0,1202839.0,15345240.0,5848215.0,9497025.0
EMP018,Insígnia Itaim Bibi,Itaim Bibi,lancamento,Premium,2025-03-01,10079378.0,5852839.0,6262048.0,1202839.0,15932217.0,7464887.0,8467330.0
EMP018,Insígnia Itaim Bibi,Itaim Bibi,lancamento,Premium,2025-04-01,10282995.0,5852839.0,8027136.0,1202839.0,16135834.0,9229975.0,6905859.0
EMP018,Insígnia Itaim Bibi,Itaim Bibi,lancamento,Premium,2025-05-01,10079378.0,5852839.0,9844128.0,1202839.0,15932217.0,11046967.0,4885250.0
EMP018,Insígnia Itaim Bibi,Itaim Bibi,lancamento,Premium,2025-06-01,9492401.0,5852839.0,11594676.0,1202839.0,15345240.0,12797515.0,2547725.0
EMP018,Insígnia Itaim Bibi,Itaim Bibi,lancamento,Premium,2025-07-01,8589080.0,5852839.0,13151043.0,1202839.0,14441919.0,14353882.0,88036.0
EMP018,Insígnia Itaim Bibi,Itaim Bibi,lancamento,Premium,2025-08-01,7466987.0,5852839.0,14391505.0,1202839.0,13319826.0,15594344.0,-2274518.0
EMP018,Insígnia Itaim Bibi,Itaim Bibi,lancamento,Premium,2025-09-01,6236952.0,5852839.0,15216164.0,1202839.0,12089791.0,16419004.0,-4329213.0
EMP018,Insígnia Itaim Bibi,Itaim Bibi,lancamento,Premium,2025-10-01,5005271.0,5852839.0,15560347.0,1202839.0,10858110.0,16763186.0,-5905076.0
EMP018,Insígnia Itaim Bibi,Itaim Bibi,lancamento,Premium,2025-11-01,3859322.0,5852839.0,15403084.0,1202839.0,9712161.0,16605923.0,-6893762.0
EMP018,Insígnia Itaim Bibi,Itaim Bibi,lancamento,Premium,2025-12-01,2859056.0,5852839.0,14769139.0,1202839.0,8711895.0,15971979.0,-7260084.0
EMP018,Insígnia Itaim Bibi,Itaim Bibi,lancamento,Premium,2026-01-01,2034991.0,0.0,13724336.0,1202839.0,2034991.0,14927176.0,-12892184.0
EMP018,Insígnia Itaim Bibi,Itaim Bibi,lancamento,Premium,2026-02-01,1391652.0,0.0,12365280.0,1202839.0,1391652.0,13568120.0,-12176468.0
EMP018,Insígnia Itaim Bibi,Itaim Bibi,lancamento,Premium,2026-03-01,914381.0,0.0,10805592.0,1202839.0,914381.0,12008431.0,-11094050.0
EMP018,Insígnia Itaim Bibi,Itaim Bibi,lancamento,Premium,2026-04-01,577234.0,0.0,9161264.0,1202839.0,577234.0,10364104.0,-9786870.0
EMP019,Loomi Vila Olímpia,Vila Olímpia,lancamento,Alto Padrão,2025-01-01,1852202.0,0.0,0.0,1263644.0,1852202.0,1263644.0,588558.0
EMP019,Loomi Vila Olímpia,Vila Olímpia,lancamento,Alto Padrão,2025-02-01,2547532.0,0.0,444540.0,1263644.0,2547532.0,1708184.0,839348.0
EMP019,Loomi Vila Olímpia,Vila Olímpia,lancamento,Alto Padrão,2025-03-01,3291605.0,0.0,1062520.0,789777.0,3291605.0,1852297.0,1439307.0
EMP019,Loomi Vila Olímpia,Vila Olímpia,lancamento,Alto Padrão,2025-04-01,3995326.0,0.0,1931801.0,789777.0,3995326.0,2721579.0,1273747.0
EMP019,Loomi Vila Olímpia,Vila Olímpia,lancamento,Alto Padrão,2025-05-01,4555682.0,2748729.0,3060669.0,789777.0,7304410.0,3850446.0,3453964.0
EMP019,Loomi Vila Olímpia,Vila Olímpia,lancamento,Alto Padrão,2025-06-01,4879902.0,2748729.0,4409583.0,789777.0,7628631.0,5199361.0,2429270.0
EMP019,Loomi Vila Olímpia,Vila Olímpia,lancamento,Alto Padrão,2025-07-01,4910497.0,2748729.0,5887707.0,789777.0,7659226.0,6677484.0,981742.0
EMP019,Loomi Vila Olímpia,Vila Olímpia,lancamento,Alto Padrão,2025-08-01,4641907.0,2748729.0,7359658.0,789777.0,7390635.0,8149436.0,-758800.0
EMP019,Loomi Vila Olímpia,Vila Olímpia,lancamento,Alto Padrão,2025-09-01,4122151.0,2748729.0,8664743.0,789777.0,6870880.0,9454520.0,-2583640.0
EMP019,Loomi Vila Olímpia,Vila Olímpia,lancamento,Alto Padrão,2025-10-01,3438809.0,2748729.0,9645674.0,789777.0,6187538.0,10435451.0,-4247913.0
EMP019,Loomi Vila Olímpia,Vila Olímpia,lancamento,Alto Padrão,2025-11-01,2694938.0,2748729.0,10179908.0,789777.0,5443667.0,10969685.0,-5526019.0
EMP019,Loomi Vila Olímpia,Vila Olímpia,lancamento,Alto Padrão,2025-12-01,1984020.0,2748729.0,10205016.0,789777.0,4732749.0,10994793.0,-6262045.0
EMP019,Loomi Vila Olímpia,Vila Olímpia,lancamento,Alto Padrão,2026-01-01,1372145.0,2748729.0,9730847.0,789777.0,4120874.0,10520625.0,-6399751.0
EMP019,Loomi Vila Olímpia,Vila Olímpia,lancamento,Alto Padrão,2026-02-01,891478.0,0.0,8835210.0,789777.0,891478.0,9624987.0,-8733510.0
EMP019,Loomi Vila Olímpia,Vila Olímpia,lancamento,Alto Padrão,2026-03-01,544099.0,0.0,7644896.0,789777.0,544099.0,8434673.0,-7890574.0
EMP019,Loomi Vila Olímpia,Vila Olímpia,lancamento,Alto Padrão,2026-04-01,311962.0,0.0,6308113.0,789777.0,311962.0,7097891.0,-6785929.0
EMP020,Classic Moema,Moema,lancamento,Alto Padrão,2025-05-01,1665628.0,0.0,0.0,1774519.0,1665628.0,1774519.0,-108891.0
EMP020,Classic Moema,Moema,lancamento,Alto Padrão,2025-06-01,2512588.0,0.0,881745.0,1109074.0,2512588.0,1990819.0,521769.0
EMP020,Classic Moema,Moema,lancamento,Alto Padrão,2025-07-01,3391639.0,0.0,2275464.0,1109074.0,3391639.0,3384538.0,7101.0
EMP020,Classic Moema,Moema,lancamento,Alto Padrão,2025-08-01,4096784.0,4043723.0,4318525.0,1109074.0,8140506.0,5427599.0,2712907.0
EMP020,Classic Moema,Moema,lancamento,Alto Padrão,2025-09-01,4428142.0,4043723.0,6905079.0,1109074.0,8471864.0,8014153.0,457712.0
EMP020,Classic Moema,Moema,lancamento,Alto Padrão,2025-10-01,4282970.0,4043723.0,9706629.0,1109074.0,8326693.0,10815703.0,-2489010.0
EMP020,Classic Moema,Moema,lancamento,Alto Padrão,2025-11-01,3706923.0,4043723.0,12225731.0,1109074.0,7750646.0,13334805.0,-5584159.0
EMP020,Classic Moema,Moema,lancamento,Alto Padrão,2025-12-01,2870961.0,4043723.0,13937449.0,1109074.0,6914683.0,15046524.0,-8131840.0
EMP020,Classic Moema,Moema,lancamento,Alto Padrão,2026-01-01,1989692.0,4043723.0,14468301.0,1109074.0,6033415.0,15577375.0,-9543960.0
EMP020,Classic Moema,Moema,lancamento,Alto Padrão,2026-02-01,1233928.0,4043723.0,13729977.0,1109074.0,5277650.0,14839052.0,-9561401.0
EMP020,Classic Moema,Moema,lancamento,Alto Padrão,2026-03-01,684760.0,0.0,11942513.0,1109074.0,684760.0,13051587.0,-12366827.0
EMP020,Classic Moema,Moema,lancamento,Alto Padrão,2026-04-01,340042.0,0.0,9539364.0,1109074.0,340042.0,10648438.0,-10308396.0
